Date,VTI,VXUS,QQQ,SCHD,BND,IEF,GLD,VNQ,BIL
2015-01-02 14:30:00,87.817406,34.571339,94.665062,9.151194,59.603531,82.868317,114.080002,52.549866,73.911278
2015-01-05 14:30:00,86.308449,33.811203,93.276466,9.022465,59.776581,83.374046,115.800003,52.837494,73.927429
2015-01-06 14:30:00,85.462791,33.553062,92.025772,8.967297,59.949669,83.934128,117.120003,53.361580,73.911278
2015-01-07 14:30:00,86.482582,33.947453,93.212074,9.073040,59.985714,83.918541,116.430000,54.179668,73.911278
2015-01-08 14:30:00,88.008102,34.377728,94.996101,9.240845,59.891975,83.576256,115.940002,54.384193,73.911278
2015-01-09 14:30:00,87.278488,34.234306,94.370811,9.169585,59.992954,83.988548,117.260002,54.409752,73.911278
2015-01-12 14:30:00,86.656700,34.098045,93.386803,9.119014,60.072289,84.284142,118.559998,54.825195,73.911278
2015-01-13 14:30:00,86.457710,34.277325,93.359207,9.098323,60.129986,84.361916,118.160004,54.742096,73.911278
2015-01-14 14:30:00,85.985130,34.133900,92.844223,9.054646,60.267006,84.750862,117.970001,55.215076,73.911278
2015-01-15 14:30:00,85.114586,34.377728,91.639542,9.020170,60.533810,85.474327,120.940002,55.342876,73.911278
2015-01-16 14:30:00,86.242134,34.714760,92.715508,9.142000,60.353493,84.844208,122.519997,55.822254,73.911278
2015-01-20 14:30:00,86.366531,34.757771,93.451149,9.151194,60.288631,85.038712,124.199997,55.381241,73.911278
2015-01-21 14:30:00,86.756203,35.087635,93.929390,9.190272,60.173191,84.634216,124.230003,55.342876,73.927429
2015-01-22 14:30:00,88.074432,35.324280,95.667450,9.298309,60.187614,84.424133,125.230003,56.327164,73.911278
2015-01-23 14:30:00,87.676445,35.080467,95.878937,9.181078,60.382374,84.976509,124.230003,56.167400,73.927429
2015-01-26 14:30:00,88.041260,35.453354,95.768593,9.190272,60.310249,84.781967,122.989998,56.640339,73.927429
2015-01-27 14:30:00,87.013222,35.417503,93.285652,9.050048,60.346302,84.898727,124.400002,56.659523,73.927429
2015-01-28 14:30:00,85.835899,34.958569,92.807465,8.932814,60.562653,85.552124,123.419998,56.282433,73.911278
2015-01-29 14:30:00,86.656700,35.295605,93.699478,9.020170,60.497749,85.248703,120.760002,56.480549,73.911278
2015-01-30 14:30:00,85.479378,34.757771,92.972946,8.875346,60.829479,85.995544,123.449997,55.317337,73.911278
2015-02-02 14:30:00,86.441147,35.274086,93.782219,8.999479,60.757236,85.887939,122.419998,55.170326,73.911278
2015-02-03 14:30:00,87.767670,35.819092,94.683449,9.139700,60.569321,85.163345,121.050003,55.649681,73.927429
2015-02-04 14:30:00,87.460907,35.532246,94.600716,9.116713,60.590981,85.303581,121.580002,55.419598,73.911278
2015-02-05 14:30:00,88.422646,35.940998,95.419136,9.206363,60.460934,84.991928,121.790001,56.084301,73.911278
2015-02-06 14:30:00,88.157349,35.453354,94.839783,9.194867,60.070713,84.041321,118.639999,54.454510,73.911278
2015-02-09 14:30:00,87.717918,35.374481,94.536293,9.151194,60.049072,84.002419,119.169998,54.071018,73.895096
2015-02-10 14:30:00,88.613335,35.553757,96.007713,9.245441,59.940674,83.791969,118.470001,54.243591,73.911278
2015-02-11 14:30:00,88.654808,35.381653,96.357162,9.245441,59.940674,83.760826,117.070000,54.083794,73.895096
2015-02-12 14:30:00,89.508751,35.955334,97.479080,9.319002,59.969551,83.791969,117.339996,54.729343,73.895096
2015-02-13 14:30:00,89.931618,36.191978,98.315956,9.353478,59.832298,83.511497,117.980003,54.365005,73.911278
2015-02-17 14:30:00,90.072540,36.306702,98.407898,9.348884,59.593819,82.919319,116.010002,54.230801,73.911278
2015-02-18 14:30:00,90.122299,36.450123,98.545837,9.328194,59.760017,83.316727,116.339996,54.735714,73.911278
2015-02-19 14:30:00,90.097443,36.407101,99.033249,9.312105,59.709446,83.106361,115.940002,53.559704,73.911278
2015-02-20 14:30:00,90.603157,36.679604,99.695335,9.344285,59.723892,83.059570,115.279999,54.077408,73.895096
2015-02-23 14:30:00,90.594879,36.529007,99.796524,9.325895,59.846748,83.441376,115.430000,54.512020,73.911278
2015-02-24 14:30:00,90.802162,36.758476,99.870079,9.371870,60.092411,83.994644,115.260002,53.438282,73.895096
2015-02-25 14:30:00,90.768990,36.837360,99.621803,9.371870,60.150230,84.072502,115.699997,53.451031,73.911278
2015-02-26 14:30:00,90.710938,36.772827,100.127563,9.355781,59.984024,83.573845,116.070000,52.869442,73.895096
2015-02-27 14:30:00,90.387596,36.765652,99.686165,9.339690,60.034615,83.869896,116.160004,53.284885,73.911278
2015-03-02 14:30:00,90.943100,36.765652,100.587364,9.383363,59.840576,83.245621,115.680000,53.591660,73.895096
2015-03-03 14:30:00,90.570007,36.579205,100.118393,9.335094,59.768211,83.066040,115.470001,53.489403,73.911278
2015-03-04 14:30:00,90.205200,36.399929,99.732132,9.284519,59.768211,83.128548,115.110001,52.978088,73.911278
2015-03-05 14:30:00,90.346146,36.421448,99.906868,9.282219,59.804359,83.175400,115.000000,53.131489,73.911278
2015-03-06 14:30:00,89.094200,35.919483,98.775726,9.135103,59.456833,82.324745,111.860001,51.367470,73.895096
2015-03-09 13:30:00,89.425865,35.940998,99.060852,9.171884,59.529232,82.707146,111.970001,51.776512,73.911278
2015-03-10 13:30:00,88.066132,35.188046,97.221611,9.033958,59.760918,83.058334,111.419998,51.738152,73.911278
2015-03-11 13:30:00,87.999817,35.281258,96.660629,9.006374,59.826099,83.206612,110.750000,51.782902,73.911278
2015-03-12 13:30:00,89.102516,35.668499,97.295158,9.084531,59.869534,83.284630,110.720001,52.684082,73.895096
2015-03-13 13:30:00,88.605049,35.424686,96.872131,9.040857,59.811604,83.159775,110.879997,52.652142,73.911278
2015-03-16 13:30:00,89.716042,35.797573,98.122803,9.144299,59.927475,83.448509,110.809998,53.195385,73.911278
2015-03-17 13:30:00,89.541908,35.783230,98.279144,9.098323,59.978138,83.620178,110.209999,53.176224,73.911278
2015-03-18 13:30:00,90.570007,36.543350,99.244713,9.199464,60.347374,84.580109,112.370003,54.288326,73.911278
2015-03-19 13:30:00,90.246643,36.098759,99.391861,9.142000,60.166389,84.182098,112.290001,54.262760,73.911278
2015-03-20 13:30:00,91.001129,36.808670,100.035255,9.233951,60.325699,84.525444,113.570000,55.624119,73.911278
2015-03-23 13:30:00,90.843605,36.980774,99.841698,9.245519,60.354630,84.634712,114.290001,55.553799,73.895096
2015-03-24 13:30:00,90.362724,36.995132,99.482185,9.185348,60.456001,84.892235,114.570000,55.080841,73.911278
2015-03-25 13:30:00,88.953339,36.626835,97.205559,9.062691,60.361847,84.525444,114.730003,54.130573,73.895096
2015-03-26 13:30:00,88.778412,36.418243,96.873703,9.046493,60.166389,84.049416,115.480003,53.847675,73.895096
2015-03-27 13:30:00,89.019974,36.447021,97.260849,9.078892,60.224289,84.377182,115.059998,53.918396,73.895096
2015-03-30 13:30:00,90.152809,36.598068,98.376122,9.187660,60.296696,84.369415,113.750000,54.689919,73.878967
2015-03-31 13:30:00,89.336494,36.216846,97.334602,9.120549,60.361847,84.587875,113.660004,54.207722,73.911278
2015-04-01 13:30:00,89.169922,36.504562,96.827644,9.069634,60.602074,84.990494,115.599998,54.130573,73.878967
2015-04-02 13:30:00,89.453117,36.835449,96.892159,9.085835,60.522228,84.748116,115.279999,54.542042,73.895096
2015-04-06 13:30:00,90.069519,37.252636,97.684837,9.157578,60.573044,84.857559,116.690002,55.107853,73.895096
2015-04-07 13:30:00,89.769646,37.231049,97.518936,9.155262,60.609325,84.927925,116.110001,54.137009,73.911278
2015-04-08 13:30:00,90.152809,37.504395,98.293175,9.155262,60.565769,84.849762,115.470001,54.220577,73.911278
2015-04-09 13:30:00,90.469353,37.648251,98.910713,9.189978,60.435154,84.505829,114.669998,53.095398,73.895096
2015-04-10 13:30:00,90.894188,37.691418,99.316307,9.229320,60.406139,84.482384,115.970001,53.056808,73.895096
2015-04-13 13:30:00,90.535995,37.482819,99.067398,9.183034,60.420647,84.654335,115.139999,52.915382,73.878967
2015-04-14 13:30:00,90.669243,37.770535,98.781693,9.210804,60.529480,84.904488,114.440002,53.101830,73.895096
2015-04-15 13:30:00,91.127403,37.993515,99.399231,9.261718,60.587555,84.951378,115.430000,52.703209,73.878967
2015-04-16 13:30:00,91.085732,38.137375,99.260979,9.245519,60.573044,85.013954,115.029999,52.838207,73.895096
2015-04-17 13:30:00,90.027885,37.626671,97.712494,9.146006,60.674614,85.185867,115.599998,52.593899,73.878967
2015-04-20 13:30:00,90.760880,37.648251,99.178040,9.243201,60.609325,85.029564,114.720001,52.671040,73.878967
2015-04-21 13:30:00,90.735909,37.928776,99.602028,9.224689,60.536743,84.849762,115.379997,52.761059,73.895096
2015-04-22 13:30:00,91.119049,38.036690,100.145866,9.264034,60.311829,84.357323,113.830002,52.870373,73.878967
2015-04-23 13:30:00,91.402290,38.230900,100.523773,9.264034,60.427910,84.615295,114.660004,53.011810,73.878967
2015-04-24 13:30:00,91.502228,38.396324,101.887939,9.289492,60.522228,84.912308,113.050003,53.121120,73.878967
2015-04-27 13:30:00,91.027435,38.597721,101.629822,9.264034,60.478672,84.779419,115.330002,53.050396,73.895096
2015-04-28 13:30:00,91.268974,38.640892,101.427086,9.308006,60.290031,84.388588,116.330002,52.947514,73.895096
2015-04-29 13:30:00,90.869171,38.345978,100.791046,9.264034,60.101357,84.075912,115.510002,51.880207,73.895096
2015-04-30 13:30:00,89.886292,37.957554,99.205696,9.189978,60.166687,84.052483,113.470001,51.037941,73.895096
2015-05-01 13:30:00,90.710899,38.252468,100.514549,9.270977,59.984146,83.592918,113.080002,51.423733,73.878967
2015-05-04 13:30:00,91.027435,38.324406,100.680450,9.280233,59.896931,83.420670,114.099998,51.475159,73.895096
2015-05-05 13:30:00,89.944588,37.799297,99.039795,9.196918,59.802380,83.279755,114.419998,50.356400,73.895096
2015-05-06 13:30:00,89.694702,37.777725,98.357712,9.159891,59.635151,82.872688,114.360001,50.259968,73.895096
2015-05-07 13:30:00,90.036179,37.626671,98.947601,9.187660,59.758774,83.225014,113.419998,51.031513,73.878967
2015-05-08 13:30:00,91.169029,38.367550,100.182709,9.305690,59.918736,83.545982,113.970001,51.745193,73.895096
2015-05-11 13:30:00,90.785896,38.058262,99.795593,9.264034,59.606064,82.723976,113.529999,50.967216,73.878967
2015-05-12 13:30:00,90.519341,38.029476,99.343941,9.236263,59.533344,82.786560,114.500000,51.121529,73.895096
2015-05-13 13:30:00,90.569313,38.238075,99.546753,9.245519,59.504238,82.676964,116.550003,50.632877,73.895096
2015-05-14 13:30:00,91.468910,38.691242,101.003075,9.345035,59.620586,82.958794,117.180000,51.610165,73.878967
2015-05-15 13:30:00,91.577194,38.799126,101.003075,9.361232,59.860538,83.553780,117.529999,52.137379,73.878967
2015-05-18 13:30:00,91.918724,38.612125,101.445496,9.356605,59.642414,82.990105,117.519997,52.002373,73.878967
2015-05-19 13:30:00,91.877052,38.504219,101.334885,9.333460,59.511551,82.622200,115.889999,51.822361,73.878967
2015-05-20 13:30:00,91.818771,38.554585,101.399422,9.333460,59.511551,82.802246,116.080002,51.777328,73.878967
2015-05-21 13:30:00,92.052017,38.712814,101.924774,9.347348,59.700573,83.295418,115.690002,51.533012,73.895096
2015-05-22 13:30:00,91.877052,38.533009,101.823395,9.301059,59.664242,83.107544,115.599998,51.468723,73.895096
2015-05-26 13:30:00,90.919174,37.878422,100.652847,9.220062,59.809620,83.624252,113.910004,51.076519,73.895096
2015-05-27 13:30:00,91.752151,38.166157,102.275047,9.282548,59.838772,83.577271,113.889999,51.578018,73.895096
2015-05-28 13:30:00,91.668846,37.986320,102.044632,9.275605,59.845989,83.655540,114.019997,51.475159,73.878967
2015-05-29 13:30:00,91.052444,37.612293,101.436249,9.236263,59.867832,83.702545,114.099998,50.883625,73.878967
2015-06-01 13:30:00,91.277298,37.497200,101.777321,9.229320,59.668217,83.333206,114.000000,51.507305,73.878967
2015-06-02 13:30:00,91.210693,37.705795,101.454712,9.217747,59.500603,82.752983,114.459999,51.031513,73.895096
2015-06-03 13:30:00,91.527229,37.828072,101.758873,9.215433,59.238342,82.047279,113.639999,50.298527,73.895096
2015-06-04 13:30:00,90.794220,37.382111,100.984634,9.127490,59.384056,82.447182,112.839996,50.202099,73.878967
2015-06-05 13:30:00,90.719261,37.058414,100.744972,9.074262,59.150925,81.851318,112.239998,49.642735,73.878967
2015-06-08 13:30:00,90.161148,36.979298,99.721848,9.034921,59.223804,81.968872,112.570000,49.552689,73.862801
2015-06-09 13:30:00,90.086197,36.806667,99.555939,9.039549,59.048977,81.702347,112.820000,49.192646,73.862801
2015-06-10 13:30:00,91.185707,37.490005,100.920128,9.136747,58.925068,81.388680,113.779999,49.539845,73.878967
2015-06-11 13:30:00,91.443924,37.540352,101.067574,9.164518,59.201904,82.031647,113.260002,49.842041,73.895096
2015-06-12 13:30:00,90.844193,37.295792,100.238052,9.090461,59.158203,81.984573,113.230003,49.797035,73.878967
2015-06-15 13:30:00,90.427696,37.044041,99.740288,9.032605,59.165504,82.180611,113.730003,49.527008,73.895096
2015-06-16 13:30:00,90.927498,37.051239,100.284119,9.083519,59.318527,82.494217,113.320000,49.925617,73.862801
2015-06-17 13:30:00,91.077400,37.022449,100.560631,9.113605,59.340336,82.541283,113.849998,50.349983,73.895096
2015-06-18 13:30:00,91.977043,37.360535,102.026184,9.203862,59.296635,82.478584,115.320000,51.044365,73.862801
2015-06-19 13:30:00,91.577194,37.187897,101.521767,9.157578,59.464161,82.917618,115.120003,50.652172,73.862801
2015-06-22 13:30:00,92.135284,37.828072,102.270096,9.219615,59.180061,82.219841,113.639999,50.131363,73.878967
2015-06-23 13:30:00,92.226921,37.979130,102.353256,9.203287,59.041641,81.968872,112.889999,49.713436,73.862801
2015-06-24 13:30:00,91.527229,37.684212,101.826630,9.135653,59.150925,82.211960,112.589996,49.443405,73.862801
2015-06-25 13:30:00,91.244034,37.641068,101.623383,9.107664,59.070786,82.008118,112.440002,48.941895,73.878967
2015-06-26 13:30:00,91.192146,37.609802,100.948952,9.105333,58.961506,81.616043,112.559998,49.293892,73.862801
2015-06-29 13:30:00,89.284798,36.570332,98.565437,8.937405,59.260204,82.564804,113.070000,48.527538,73.878967
2015-06-30 13:30:00,89.527412,36.584869,98.916527,8.930412,59.201904,82.337448,112.370003,48.508049,73.878967
2015-07-01 13:30:00,90.113007,36.766586,99.701782,8.991051,59.058083,81.907097,111.980003,49.306889,73.878967
2015-07-02 13:30:00,89.995880,36.853817,99.729507,8.988718,59.204124,82.197647,111.760002,49.430275,73.878967
2015-07-06 13:30:00,89.761642,36.076042,99.498512,8.956068,59.408508,82.778755,112.059998,49.742035,73.878967
2015-07-07 13:30:00,90.255211,35.967014,99.747955,9.044691,59.466919,82.998650,110.760002,50.521358,73.862801
2015-07-08 13:30:00,88.749397,35.014771,98.011147,8.928077,59.634830,83.328438,111.089996,50.326534,73.862801
2015-07-09 13:30:00,88.933449,35.559940,97.955711,8.928077,59.437740,82.747360,111.360001,50.086254,73.862801
2015-07-10 13:30:00,90.012596,36.541260,99.452324,9.019035,59.160343,82.174049,111.489998,50.501892,73.862801
2015-07-13 13:30:00,91.033203,36.701180,101.198410,9.116992,59.021629,81.954185,110.989998,50.573334,73.862801
2015-07-14 13:30:00,91.443115,36.948322,101.863564,9.140319,59.131115,82.213341,110.739998,50.677238,73.878967
2015-07-15 13:30:00,91.326004,36.730247,101.974449,9.112331,59.299019,82.527451,110.160004,50.761681,73.862801
2015-07-16 13:30:00,91.961754,37.006474,103.415657,9.170636,59.299019,82.496040,109.760002,51.170826,73.862801
2015-07-17 13:30:00,91.986885,36.933792,104.940002,9.128654,59.306316,82.503868,108.650002,50.988983,73.878967
2015-07-20 13:30:00,91.995224,36.970119,105.300308,9.123992,59.226044,82.338966,105.699997,51.047436,73.862801
2015-07-21 13:30:00,91.593681,36.904709,105.235626,9.056355,59.335522,82.566719,105.370003,50.904545,73.878967
2015-07-22 13:30:00,91.459831,36.577602,104.043877,9.014376,59.357426,82.668831,104.800003,51.125381,73.862801
2015-07-23 13:30:00,90.932808,36.446754,103.655846,8.974722,59.496113,83.006454,104.330002,50.488907,73.862801
2015-07-24 13:30:00,89.979149,35.988819,102.639603,8.876766,59.532635,83.085007,105.349998,50.703228,73.878967
2015-07-27 13:30:00,89.385178,35.690788,101.789688,8.839453,59.649399,83.359871,104.860001,50.794163,73.862801
2015-07-28 13:30:00,90.447617,36.105118,102.667328,8.967727,59.547199,83.124268,105.019997,50.826626,73.862801
2015-07-29 13:30:00,91.066650,36.243221,103.055344,9.033031,59.496113,83.006454,105.169998,51.157856,73.878967
2015-07-30 13:30:00,91.141922,36.185093,103.544983,9.026033,59.517986,83.100731,104.269997,50.904545,73.878967
2015-07-31 13:30:00,91.049934,36.381340,103.424881,8.993382,59.722420,83.587631,104.930000,51.307217,73.878967
2015-08-03 13:30:00,90.723671,36.185093,103.101517,8.963060,59.860703,83.842476,104.099998,51.625446,73.878967
2015-08-04 13:30:00,90.573097,36.206882,102.907539,8.960730,59.655869,83.409904,104.309998,51.248775,73.862801
2015-08-05 13:30:00,90.874252,36.417690,103.702057,9.002713,59.560772,83.087440,103.930000,50.911064,73.862801
2015-08-06 13:30:00,90.129738,36.228695,102.039108,8.949069,59.597382,83.378418,104.389999,50.982498,73.862801
2015-08-07 13:30:00,89.870407,36.199619,101.909790,8.909418,59.721684,83.708733,104.650002,51.170826,73.862801
2015-08-10 13:30:00,90.991379,36.664825,103.073837,9.023702,59.597382,83.362671,105.720001,51.008476,73.878967
2015-08-11 13:30:00,90.171585,36.039700,101.752686,8.963060,59.824120,83.913277,106.260002,51.346195,73.862801
2015-08-12 13:30:00,90.263588,35.807087,102.103775,8.991051,59.802181,83.881790,107.750000,51.508553,73.862801
2015-08-13 13:30:00,90.138115,35.712593,101.937508,8.963060,59.677822,83.661537,106.860001,51.567013,73.862801
2015-08-14 13:30:00,90.481094,35.748947,102.094543,8.995715,59.655869,83.575058,106.849998,51.846279,73.846649
2015-08-17 13:30:00,91.058289,35.683506,102.944496,9.023702,59.765629,83.724525,107.129997,52.287899,73.846649
2015-08-18 13:30:00,90.824089,35.407299,102.417885,8.993382,59.655869,83.590729,107.110001,52.430786,73.862801
2015-08-19 13:30:00,90.012596,35.051113,101.743462,8.909418,59.867966,84.102005,108.550003,52.119049,73.878967
2015-08-20 13:30:00,88.055092,34.266068,98.925766,8.783476,59.919231,84.330132,110.440002,51.735867,73.862801
2015-08-21 13:30:00,85.520355,33.444664,94.602142,8.533917,60.014301,84.668289,111.129997,50.774662,73.862801
2015-08-24 13:30:00,82.082130,32.230740,90.962158,8.216722,59.999657,84.809868,110.529999,48.397644,73.862801
2015-08-25 13:30:00,81.103386,32.477890,90.620338,8.076785,59.802181,84.345772,109.160004,47.066265,73.862801
2015-08-26 13:30:00,84.048019,33.328358,95.184151,8.370654,59.546124,83.826706,107.669998,48.339191,73.878967
2015-08-27 13:30:00,86.080841,33.953499,97.595421,8.552576,59.626579,83.779549,107.730003,49.274418,73.862801
2015-08-28 13:30:00,86.147774,33.924419,97.576942,8.561907,59.655869,83.795258,108.699997,49.202991,73.878967
2015-08-31 13:30:00,85.503624,33.677284,96.366699,8.515256,59.575378,83.653664,108.820000,48.079407,73.878967
2015-09-01 13:30:00,82.993973,32.550579,93.354919,8.282027,59.720520,84.029457,109.199997,47.163666,73.878967
2015-09-02 13:30:00,84.558319,33.030327,95.987923,8.426631,59.676559,83.800972,108.620003,47.650780,73.862801
2015-09-03 13:30:00,84.658684,33.066677,95.516731,8.459282,59.720520,84.005775,107.839996,47.780674,73.878967
2015-09-04 13:30:00,83.454086,32.267090,94.380394,8.324007,59.867149,84.265785,107.489998,46.890911,73.862801
2015-09-08 13:30:00,85.562172,33.212059,97.041084,8.526922,59.720520,83.895508,107.519997,47.598831,73.862801
2015-09-09 13:30:00,84.390999,33.073952,95.950951,8.393978,59.705864,83.927025,106.129997,47.053272,73.862801
2015-09-10 13:30:00,84.826035,33.284744,96.994942,8.419635,59.581249,83.737984,106.379997,47.157169,73.846649
2015-09-11 13:30:00,85.210854,33.270218,97.530754,8.454618,59.705864,83.958549,106.160004,48.059937,73.862801
2015-09-14 13:30:00,84.884583,33.103016,97.235107,8.412639,59.720520,84.037323,106.220001,48.085907,73.862801
2015-09-15 13:30:00,85.955353,33.321106,98.380676,8.529252,59.471298,83.375618,105.900002,48.560013,73.846649
2015-09-16 13:30:00,86.683151,33.880795,98.934990,8.606221,59.434654,83.351982,107.309998,49.079571,73.846649
2015-09-17 13:30:00,86.566010,33.909878,98.971931,8.603888,59.771866,84.045212,108.410004,49.638107,73.846649
2015-09-18 13:30:00,85.194092,33.117561,97.564285,8.466279,59.940456,84.439087,109.209999,49.553680,73.846649
2015-09-21 13:30:00,85.537094,33.146633,97.869888,8.515429,59.720520,83.958549,108.529999,49.975826,73.862801
2015-09-22 13:30:00,84.390999,32.368855,96.406654,8.428418,59.830467,84.376068,107.790001,49.345860,73.862801
2015-09-23 13:30:00,84.223709,32.172585,96.480743,8.407252,59.830467,84.281532,108.220001,49.655460,73.846649
2015-09-24 13:30:00,83.922531,32.078083,96.128815,8.404903,59.852470,84.407570,110.489998,49.189751,73.846649
2015-09-25 13:30:00,83.752708,32.292892,95.313850,8.428418,59.742523,84.186974,109.809998,49.386517,73.846649
2015-09-28 13:30:00,81.507744,31.606117,92.600380,8.294374,59.896431,84.667488,108.419998,48.619068,73.862801
2015-09-29 13:30:00,81.490921,31.671883,92.118835,8.324942,59.940456,84.958954,107.980003,49.137280,73.862801
2015-09-30 13:30:00,83.004379,32.380569,94.239571,8.454283,60.057720,84.974770,106.860001,49.550514,73.846649
2015-10-01 13:30:00,83.172546,32.453625,94.665604,8.442529,60.090012,85.041054,106.730003,49.793217,73.862801
2015-10-02 13:30:00,84.383293,33.103878,96.323288,8.581276,60.317730,85.451263,108.989998,50.153988,73.862801
2015-10-05 13:30:00,85.938774,33.783333,97.703217,8.745897,60.082676,84.977913,108.769997,51.000164,73.846649
2015-10-06 13:30:00,85.661316,33.776028,97.240166,8.767063,60.163498,85.151474,109.860001,50.882103,73.846649
2015-10-07 13:30:00,86.434868,34.338608,97.823578,8.847018,60.163498,84.938438,109.699997,51.465881,73.846649
2015-10-08 13:30:00,87.183174,34.579697,98.212547,8.943438,60.068005,84.717529,109.139999,51.898808,73.846649
2015-10-09 13:30:00,87.300896,34.674671,98.657074,8.943438,60.060642,84.764908,110.870003,51.813534,73.846649
2015-10-12 13:30:00,87.317726,34.440887,98.897865,8.924623,60.163498,85.048920,111.309998,52.180885,73.846649
2015-10-13 13:30:00,86.678719,33.958687,98.258858,8.877590,60.200199,85.127831,111.860001,51.774197,73.846649
2015-10-14 13:30:00,86.233070,34.148647,98.101387,8.847018,60.420582,85.593254,113.809998,51.387165,73.846649
2015-10-15 13:30:00,87.536331,34.755058,99.712852,8.934031,60.303059,85.301346,113.290001,52.089054,73.846649
2015-10-16 13:30:00,87.872643,34.740425,100.129570,8.983416,60.281033,85.230370,112.489998,52.482601,73.846649
2015-10-19 13:30:00,87.973541,34.506634,100.703743,8.969305,60.281033,85.190895,112.019997,53.217274,73.846649
2015-10-20 13:30:00,87.872643,34.484715,100.185150,8.952843,60.185551,84.899017,112.730003,53.197613,73.830452
2015-10-21 13:30:00,87.183174,34.323982,99.573906,8.929330,60.295685,85.190895,111.730003,53.000813,73.846649
2015-10-22 13:30:00,88.461205,34.835419,101.602058,9.148036,60.398521,85.277710,111.690002,53.466560,73.846649
2015-10-23 13:30:00,89.386101,35.091122,104.445183,9.235044,60.244312,84.796425,111.500000,52.948338,73.846649
2015-10-26 13:30:00,89.175880,34.901165,104.510002,9.211528,60.310398,85.017357,111.430000,52.935223,73.830452
2015-10-27 13:30:00,88.881630,34.579697,104.723007,9.176253,60.325089,85.230370,111.680000,52.915546,73.830452
2015-10-28 13:30:00,90.050331,34.762341,105.593513,9.258557,60.156162,84.788513,110.779999,52.961468,73.830452
2015-10-29 13:30:00,89.915802,34.455490,105.426857,9.232695,59.943119,84.267860,109.720001,52.889294,73.830452
2015-10-30 13:30:00,89.571060,34.404350,104.954529,9.195065,60.075363,84.433517,109.300003,52.403908,73.830452
2015-11-02 14:30:00,90.748192,34.776962,106.139938,9.293837,59.956841,84.190948,108.589996,53.518990,73.830452
2015-11-03 14:30:00,90.975235,34.901165,106.510376,9.324409,59.853844,83.969696,106.980003,52.981125,73.846649
2015-11-04 14:30:00,90.756615,34.696602,106.519630,9.293837,59.890594,83.882820,105.970001,52.744995,73.830452
2015-11-05 14:30:00,90.655716,34.557781,106.232567,9.251505,59.780193,83.827454,105.639999,52.954895,73.830452
2015-11-06 14:30:00,90.672523,34.353210,106.306648,9.227993,59.544666,83.258568,104.099998,51.308464,73.830452
2015-11-09 14:30:00,89.764465,33.987904,105.176773,9.129220,59.493149,83.116371,104.400002,50.429478,73.846649
2015-11-10 14:30:00,89.966263,33.900234,104.908218,9.138625,59.559391,83.274353,104.180000,51.006721,73.830452
2015-11-11 14:30:00,89.579483,34.009815,104.778580,9.133920,59.566738,83.234886,103.830002,51.065762,73.846649
2015-11-12 14:30:00,88.242607,33.637211,103.759865,9.006933,59.574146,83.282303,103.849998,50.718105,73.846649
2015-11-13 14:30:00,87.309311,33.308437,101.722443,8.926973,59.684490,83.598343,103.559998,50.140881,73.830452
2015-11-16 14:30:00,88.578934,33.768723,103.185692,9.072778,59.684490,83.708969,103.709999,50.718105,73.846649
2015-11-17 14:30:00,88.469620,33.841778,103.250526,9.077481,59.750763,83.685287,102.339996,50.718105,73.830452
2015-11-18 14:30:00,89.882187,34.155937,105.232330,9.166846,59.721321,83.645721,102.430000,51.164139,73.830452
2015-11-19 14:30:00,89.764465,34.331287,105.306450,9.188010,59.802326,83.827454,103.559998,51.321583,73.846649
2015-11-20 14:30:00,90.151237,34.331287,106.019524,9.192712,59.787560,83.716850,103.089996,51.964432,73.830452
2015-11-23 14:30:00,90.058746,34.017120,105.713943,9.206825,59.809628,83.827454,102.260002,52.075916,73.846649
2015-11-24 14:30:00,90.294167,34.082882,105.621307,9.246804,59.831726,83.906479,102.940002,51.800434,73.830452
2015-11-25 14:30:00,90.361435,34.082882,105.713943,9.235044,59.839092,83.953918,102.459999,52.010342,73.830452
2015-11-27 14:30:00,90.495972,33.936756,105.862106,9.242101,59.868557,84.040794,101.250000,52.462933,73.846649
2015-11-30 14:30:00,90.109177,33.951374,105.593513,9.220936,59.839092,84.072426,101.919998,52.075916,73.846649
2015-12-01 14:30:00,90.958420,34.302067,106.649277,9.298539,60.065510,84.519554,102.279999,52.797478,73.830452
2015-12-02 14:30:00,90.008286,33.929459,105.991753,9.216231,59.991768,84.282127,100.690002,51.721695,73.830452
2015-12-03 14:30:00,88.663010,33.776028,104.195107,9.105700,59.527119,83.395798,101.760002,50.908314,73.846649
2015-12-04 14:30:00,90.294167,34.053646,106.630783,9.270318,59.763134,83.704483,104.019997,51.879131,73.846649
2015-12-07 14:30:00,89.587875,33.702961,106.149185,9.225638,59.866390,83.973503,102.669998,51.734833,73.846649
2015-12-08 14:30:00,89.049797,33.198841,106.158417,9.140978,59.881157,84.020935,102.839996,51.688915,73.830452
2015-12-09 14:30:00,88.284653,33.103878,104.547035,9.112757,59.859005,84.147621,102.639999,51.400291,73.814316
2015-12-10 14:30:00,88.545288,33.052723,105.019363,9.143327,59.851627,83.965576,102.550003,51.032970,73.830452
2015-12-11 14:30:00,86.804832,32.358646,102.602264,8.995172,60.013882,84.638290,103.110001,50.941120,73.846649
2015-12-14 14:30:00,87.115936,32.475544,103.380142,9.063375,59.733604,84.013100,101.790001,51.177269,73.846649
2015-12-15 14:30:00,88.049225,32.731266,104.009903,9.148036,59.667267,83.799438,101.519997,51.734833,73.830452
2015-12-16 14:30:00,89.327225,33.396114,105.556503,9.251505,59.600834,83.577820,102.750000,52.744995,73.846649
2015-12-17 14:30:00,88.015587,32.921227,104.019196,9.122165,59.726254,83.926025,100.500000,52.482601,73.830452
2015-12-18 14:30:00,86.518951,32.680115,102.023842,8.966952,59.859005,84.226776,102.040001,51.872597,73.846649
2015-12-21 14:30:00,87.206413,32.906166,103.157135,9.036117,59.792637,84.266304,103.150002,52.075916,73.830452
2015-12-22 14:30:00,87.992836,33.127068,103.835258,9.130859,59.711479,84.028900,102.610001,52.285812,73.830452
2015-12-23 14:30:00,89.092110,33.686657,104.606262,9.246922,59.718887,83.839035,102.309998,52.823235,73.830452
2015-12-24 14:30:00,88.982162,33.627754,104.587662,9.223233,59.763290,83.992722,103.050003,52.823235,73.846649
2015-12-28 14:30:00,88.787689,33.502586,104.531937,9.197177,59.763290,84.008591,102.269997,53.115887,73.830452
2015-12-29 14:30:00,89.734764,33.797108,106.176147,9.289555,59.578384,83.564758,102.199997,53.681225,73.830452
2015-12-30 14:30:00,89.058304,33.524673,105.219345,9.237444,59.615341,83.596420,101.419998,53.495010,73.846649
2015-12-31 14:30:00,88.195778,33.215420,103.909538,9.133230,59.733700,83.691574,101.459999,53.029434,73.830452
2016-01-04 14:30:00,86.876633,32.641102,101.717293,9.029009,59.704147,84.048225,102.889999,52.390915,73.846649
2016-01-05 14:30:00,87.071106,32.582169,101.540771,9.081119,59.778038,84.024460,103.180000,53.401878,73.846649
2016-01-06 14:30:00,85.904205,32.029945,100.565437,8.972167,60.044308,84.531715,104.669998,53.255550,73.814316
2016-01-07 14:30:00,83.798653,31.367254,97.416359,8.785046,60.051739,84.714012,106.150002,52.217999,73.830452
2016-01-08 14:30:00,82.843117,30.999088,96.617485,8.690304,60.125694,84.928009,105.680000,51.519619,73.830452
2016-01-11 14:30:00,82.792404,31.065357,96.914764,8.706884,59.874195,84.658524,104.739998,51.812283,73.830452
2016-01-12 14:30:00,83.358955,31.138996,98.038734,8.758993,60.029572,85.038971,104.209999,51.466412,73.846649
2016-01-13 14:30:00,81.211151,30.711931,94.657463,8.590823,60.177456,85.371880,104.720001,50.728119,73.830452
2016-01-14 14:30:00,82.454155,31.124269,96.673225,8.735307,60.103504,85.197495,103.019997,50.608414,73.814316
2016-01-15 14:30:00,80.720695,29.924063,93.672798,8.552925,60.207043,85.593781,104.080002,50.262539,73.814316
2016-01-19 14:30:00,80.636131,30.277496,93.877159,8.562399,60.133110,85.482849,103.980003,50.528599,73.830452
2016-01-20 14:30:00,79.841286,29.533819,93.589188,8.432128,60.199669,85.902885,105.370003,49.171776,73.830452
2016-01-21 14:30:00,80.154129,29.784161,93.682091,8.505557,60.162693,85.688896,105.489998,49.444469,73.846649
2016-01-22 14:30:00,81.862228,30.675117,96.394531,8.664249,60.140488,85.498718,105.000000,50.821255,73.814316
2016-01-25 14:30:00,80.517738,30.159685,94.963982,8.569507,60.140488,85.784042,106.080002,50.501987,73.830452
2016-01-26 14:30:00,81.743858,30.741377,95.818626,8.713988,60.229244,85.847404,107.290001,51.559521,73.814316
2016-01-27 14:30:00,80.813728,30.594116,93.431290,8.664249,60.229244,85.910881,107.690002,50.561863,73.830452
2016-01-28 14:30:00,81.135033,30.792925,94.750343,8.725832,60.273632,86.021812,106.540001,50.176086,73.830452
2016-01-29 14:30:00,83.147537,31.404070,96.728951,8.924792,60.451122,86.481522,106.949997,51.207005,73.846649
2016-02-01 14:30:00,83.164474,31.271528,96.989067,8.920057,60.328098,86.282265,108.050003,51.293495,73.814316
2016-02-02 14:30:00,81.557808,30.557306,94.889687,8.777941,60.535637,86.893494,108.089996,50.827904,73.814316
2016-02-03 14:30:00,82.048286,30.947544,94.434525,8.853737,60.580082,86.798264,109.250000,51.167114,73.830452
2016-02-04 14:30:00,82.242790,31.094812,94.425232,8.856104,60.624619,87.004639,110.570000,51.193718,73.846649
2016-02-05 14:30:00,80.551575,30.675117,91.146141,8.761362,60.565292,87.115776,112.320000,50.222641,73.846649
2016-02-08 14:30:00,79.300095,30.130243,89.752739,8.744780,60.824730,87.766678,113.830002,48.786003,73.830452
2016-02-09 14:30:00,79.198616,29.717897,89.474075,8.730569,60.817326,87.782509,113.580002,47.888111,73.846649
2016-02-10 14:30:00,79.249344,29.710535,89.817764,8.683201,60.943287,88.044441,114.459999,48.220669,73.830452
2016-02-11 14:30:00,78.268456,29.254017,89.687706,8.593192,60.980362,88.449249,119.059998,47.535583,73.846649
2016-02-12 14:30:00,79.790535,29.739985,91.053230,8.730569,60.780228,87.774574,118.360001,48.080982,73.830452
2016-02-16 14:30:00,81.244942,30.358496,93.106148,8.837156,60.691288,87.512688,114.769997,48.965607,73.830452
2016-02-17 14:30:00,82.589455,30.947544,95.214798,8.965056,60.676468,87.298271,115.480003,49.384609,73.830452
2016-02-18 14:30:00,82.259659,30.815016,94.127975,8.967429,60.883976,87.703140,118.290001,49.883442,73.846649
2016-02-19 14:30:00,82.276581,30.704559,94.406654,8.953215,60.802441,87.703140,117.580002,50.169434,73.846649
2016-02-22 14:30:00,83.477341,31.050634,95.939377,9.052696,60.817326,87.615837,115.489998,50.648335,73.846649
2016-02-23 14:30:00,82.471092,30.586754,94.360207,8.979270,60.854412,87.790474,117.220001,50.515297,73.830452
2016-02-24 14:30:00,82.893867,30.513123,95.261261,9.019535,60.898823,87.790474,117.610001,50.455444,73.846649
2016-02-25 14:30:00,83.874771,30.829735,96.199501,9.121385,60.987782,88.052391,117.919998,51.486374,73.830452
2016-02-26 14:30:00,83.807121,30.741377,96.078728,9.062171,60.928539,87.623734,117.110001,51.220318,73.830452
2016-02-29 14:30:00,83.139091,30.630934,95.214798,8.991113,60.965527,87.766678,118.639999,51.020779,73.846649
2016-03-01 14:30:00,85.117798,31.499792,98.270981,9.152177,60.761284,87.080605,117.769997,52.457428,73.846649
2016-03-02 14:30:00,85.591324,31.801680,98.308144,9.197177,60.724178,86.929626,118.680000,52.836548,73.830452
2016-03-03 14:30:00,86.014114,32.140400,98.122345,9.218497,60.753895,87.032936,120.730003,53.115887,73.846649
2016-03-04 14:30:00,86.310081,32.479088,98.159500,9.254025,60.724178,86.738846,120.540001,53.122559,73.846649
2016-03-07 14:30:00,86.487686,32.434917,97.555695,9.284819,60.709274,86.563934,121.139999,53.262226,73.846649
2016-03-08 14:30:00,85.413773,31.985767,96.747536,9.227972,60.909843,87.064728,120.580002,52.716839,73.830452
2016-03-09 14:30:00,85.828079,32.214035,97.369934,9.291922,60.805912,86.722916,119.580002,53.009464,73.846649
2016-03-10 14:30:00,85.802727,32.155121,97.221291,9.291922,60.776146,86.412903,121.500000,52.816593,73.846649
2016-03-11 14:30:00,87.257141,32.979797,98.921219,9.391401,60.694496,86.166489,119.410004,54.000507,73.830452
2016-03-14 13:30:00,87.155693,32.803074,99.088409,9.374823,60.828136,86.230133,117.870003,54.007126,73.830452
2016-03-15 13:30:00,86.858330,32.443336,99.051262,9.377192,60.768738,86.214172,117.959999,54.033726,73.830452
2016-03-16 13:30:00,87.402046,32.886559,99.933762,9.429301,61.006374,86.667290,120.589996,54.685555,73.846649
2016-03-17 13:30:00,88.073219,33.241112,99.877983,9.512199,61.140072,86.762650,120.129997,55.457077,73.830452
2016-03-18 13:30:00,88.464005,33.189423,100.034538,9.528779,61.192043,86.913696,119.800003,55.217628,73.830452
2016-03-21 13:30:00,88.548981,33.226360,100.425858,9.542617,61.080658,86.667290,118.959999,54.719273,73.846649
2016-03-22 13:30:00,88.523468,33.159870,100.733315,9.523530,61.065800,86.484497,119.309998,54.719273,73.846649
2016-03-23 13:30:00,87.801353,32.731430,99.904099,9.471032,61.199509,86.881912,116.610001,54.423340,73.830452
2016-03-24 13:30:00,87.775856,32.554146,99.932030,9.478193,61.125244,86.794487,116.330002,54.443516,73.846649
2016-03-28 13:30:00,87.835320,32.768364,99.792290,9.480577,61.154945,86.921654,116.599998,54.934494,73.846649
2016-03-29 13:30:00,88.812294,33.108162,101.394783,9.564095,61.407448,87.509903,118.760002,56.124928,73.846649
2016-03-30 13:30:00,89.152138,33.440567,101.888588,9.585574,61.385204,87.390678,117.099998,56.017330,73.846649
2016-03-31 13:30:00,89.050209,33.182022,101.739532,9.566482,61.504040,87.708611,117.639999,56.360321,73.846649
2016-04-01 13:30:00,89.610863,32.849613,102.820274,9.604662,61.573223,87.683113,116.930000,56.286339,73.846649
2016-04-04 13:30:00,89.237091,32.709270,102.428940,9.580803,61.573223,87.786598,116.150002,56.205620,73.846649
2016-04-05 13:30:00,88.370522,32.140480,101.441368,9.535460,61.684906,88.136925,117.660004,55.835712,73.862801
2016-04-06 13:30:00,89.339043,32.635403,103.109085,9.611818,61.655087,87.945847,116.940002,55.970245,73.862801
2016-04-07 13:30:00,88.268608,32.133087,101.627701,9.523530,61.856045,88.399620,118.610001,55.620510,73.846649
2016-04-08 13:30:00,88.523468,32.790527,101.553169,9.559324,61.803959,88.264336,118.430000,55.929874,73.862801
2016-04-11 13:30:00,88.277077,32.849613,101.180527,9.523530,61.796520,88.248360,120.029999,55.815556,73.846649
2016-04-12 13:30:00,89.135162,33.396255,102.028328,9.602277,61.699764,87.898094,120.050003,56.219078,73.846649
2016-04-13 13:30:00,90.180092,33.891182,103.332687,9.642843,61.736977,87.961777,118.769997,55.970245,73.862801
2016-04-14 13:30:00,90.146118,33.854248,103.342010,9.626139,61.684906,87.754791,117.110001,55.660851,73.862801
2016-04-15 13:30:00,90.103645,33.772980,103.081139,9.628526,61.826290,88.017448,117.919998,56.077820,73.846649
2016-04-18 13:30:00,90.706825,34.031536,103.630829,9.692951,61.803959,87.929878,117.739998,56.346874,73.862801
2016-04-19 13:30:00,90.961693,34.652027,102.997292,9.707271,61.841175,87.786598,119.580002,56.373764,73.862801
2016-04-20 13:30:00,91.055138,34.578156,103.081139,9.676251,61.669987,87.340820,118.970001,55.418736,73.862801
2016-04-21 13:30:00,90.604866,34.356556,103.090462,9.614208,61.595562,87.197495,119.419998,54.430077,73.846649
2016-04-22 13:30:00,90.732292,34.334393,101.534561,9.611818,61.573223,87.101959,117.889999,55.021931,73.862801
2016-04-25 13:30:00,90.511429,34.164497,101.534561,9.616590,61.498814,87.006454,118.230003,55.479263,73.846649
2016-04-26 13:30:00,90.757790,34.304848,101.040733,9.630911,61.409496,86.823357,118.699997,55.694485,73.862801
2016-04-27 13:30:00,90.978683,34.408268,100.230202,9.695340,61.595562,87.301018,119.040001,55.660851,73.862801
2016-04-28 13:30:00,90.163109,34.009361,99.019043,9.609434,61.707207,87.603523,121.290001,55.546513,73.862801
2016-04-29 13:30:00,89.636383,33.898560,98.497276,9.549780,61.751877,87.571678,123.650002,55.035381,73.878967
2016-05-02 13:30:00,90.333008,34.120163,99.428947,9.607049,61.642971,87.317314,123.239998,55.889523,73.862801
2016-05-03 13:30:00,89.423996,33.433182,98.506592,9.556935,61.814507,87.835510,122.959999,55.976982,73.878967
2016-05-04 13:30:00,88.897293,33.049068,97.873039,9.521144,61.836906,87.995049,122.209999,56.777306,73.862801
2016-05-05 13:30:00,88.863289,33.004745,97.845085,9.525915,61.948711,88.234184,122.070000,56.938713,73.862801
2016-05-06 13:30:00,89.186111,33.093399,98.366814,9.578413,61.918915,88.026924,123.180000,57.564209,73.878967
2016-05-09 13:30:00,89.279564,32.916100,98.646317,9.578413,61.963608,88.194336,120.650002,58.196407,73.878967
2016-05-10 13:30:00,90.341522,33.455345,99.997269,9.685793,61.963608,88.178391,120.980003,58.189663,73.878967
2016-05-11 13:30:00,89.517464,33.233742,99.093529,9.611818,61.978596,88.313919,122.120003,56.945446,73.846649
2016-05-12 13:30:00,89.483475,33.233742,98.655655,9.638067,61.985992,88.074760,121.160004,57.275017,73.846649
2016-05-13 13:30:00,88.710381,32.783131,98.292297,9.540234,62.053135,88.409561,121.709999,56.763855,73.846649
2016-05-16 13:30:00,89.593895,33.263287,99.522095,9.626139,61.918915,88.090729,121.800003,57.301891,73.846649
2016-05-17 13:30:00,88.786835,33.012119,98.273659,9.533072,61.874153,87.971107,122.220001,56.239265,73.846649
2016-05-18 13:30:00,88.778336,32.960419,98.627708,9.475802,61.583317,87.261543,120.099998,55.358215,73.862801
2016-05-19 13:30:00,88.430016,32.709270,98.115273,9.466259,61.650455,87.349243,119.870003,54.739468,73.846649
2016-05-20 13:30:00,89.109673,32.975193,99.196037,9.502052,61.650455,87.405037,119.709999,55.176624,73.862801
2016-05-23 13:30:00,88.999245,32.857006,99.065613,9.492510,61.665348,87.460884,119.370003,55.183342,73.878967
2016-05-24 13:30:00,90.188599,33.300228,101.050072,9.604662,61.635487,87.317314,117.300003,55.869350,73.846649
2016-05-25 13:30:00,90.842728,33.647400,101.776772,9.664318,61.613167,87.277481,116.980003,55.869350,73.862801
2016-05-26 13:30:00,90.825760,33.728661,102.074913,9.676251,61.717548,87.548538,116.580002,55.976982,73.862801
2016-05-27 13:30:00,91.233528,33.654785,102.605980,9.702497,61.695171,87.381119,115.620003,56.279625,73.878967
2016-05-31 13:30:00,91.191055,33.566147,102.801674,9.683408,61.747368,87.484756,116.059998,56.272900,73.878967
2016-06-01 13:30:00,91.437416,33.573544,102.810944,9.704884,61.769028,87.455200,115.940002,56.319954,73.878967
2016-06-02 13:30:00,91.743271,33.640018,103.025215,9.714430,61.888611,87.726723,115.669998,56.609177,73.862801
2016-06-03 13:30:00,91.488419,33.942879,102.540764,9.728746,62.277172,88.541161,118.879997,56.837833,73.878967
2016-06-06 13:30:00,91.964149,34.194038,102.913475,9.783630,62.180061,88.309570,118.919998,56.400658,73.895096
2016-06-07 13:30:00,92.142563,34.482121,102.652573,9.819425,62.187546,88.437317,118.820000,56.743671,73.895096
2016-06-08 13:30:00,92.465393,34.607697,102.829582,9.850444,62.262283,88.541161,120.580002,57.106869,73.895096
2016-06-09 13:30:00,92.278481,34.149719,102.661896,9.855220,62.322056,88.676842,121.250000,57.234657,73.862801
2016-06-10 13:30:00,91.327011,33.233742,101.497292,9.812266,62.381805,88.988235,121.739998,56.965607,73.862801
2016-06-13 13:30:00,90.570908,32.760975,100.649452,9.735909,62.396729,89.163864,122.639999,56.979080,73.862801
2016-06-14 13:30:00,90.407921,32.369907,100.649452,9.740678,62.389290,89.139977,122.769997,56.831120,73.862801
2016-06-15 13:30:00,90.314034,32.624146,100.360657,9.723971,62.531246,89.411453,123.680000,57.369164,73.862801
2016-06-16 13:30:00,90.578560,32.594227,100.658775,9.778859,62.598507,89.507256,122.379997,57.691975,73.878967
2016-06-17 13:30:00,90.279915,32.840973,99.478912,9.757382,62.508831,89.203865,123.949997,57.597813,73.862801
2016-06-20 13:30:00,90.894287,33.596210,100.104828,9.831210,62.366909,88.820595,123.209999,57.678535,73.878967
2016-06-21 13:30:00,91.090561,33.820530,100.422440,9.855263,62.284660,88.621017,120.839996,57.898396,73.878967
2016-06-22 13:30:00,90.885757,33.813049,100.179520,9.831210,62.307110,88.796661,120.900002,57.810181,73.878967
2016-06-23 13:30:00,92.140144,34.702869,101.608826,9.949048,62.194977,88.373489,120.110001,58.101978,73.878967
2016-06-24 13:30:00,88.786636,32.018467,97.423767,9.667680,62.546211,89.595078,126.000000,57.586224,73.862801
2016-06-27 13:30:00,87.020287,31.442694,95.490051,9.540220,62.860085,90.369598,126.680000,57.626957,73.862801
2016-06-28 13:30:00,88.615952,32.227833,97.582588,9.660467,62.934784,90.353622,125.320000,58.841686,73.862801
2016-06-29 13:30:00,90.203117,32.863415,99.310776,9.797544,62.912418,89.986320,125.839996,59.554199,73.862801
2016-06-30 13:30:00,91.440414,33.259727,100.459785,9.965888,62.994549,90.185997,126.470001,60.171700,73.862801
2016-07-01 13:30:00,91.619621,33.349453,100.964218,9.975507,63.169746,90.424240,128.410004,60.192085,73.895096
2016-07-05 13:30:00,90.936951,32.773689,100.347672,9.941836,63.386917,90.920006,129.470001,60.857105,73.895096
2016-07-06 13:30:00,91.491608,32.706390,101.169777,9.975507,63.499207,90.935951,130.229996,60.592457,73.878967
2016-07-07 13:30:00,91.448952,32.571796,101.468689,9.961078,63.394352,90.816040,129.740005,59.968159,73.895096
2016-07-08 13:30:00,92.873970,33.132607,103.038094,10.093344,63.559116,90.991982,130.520004,60.938553,73.878967
2016-07-11 13:30:00,93.257965,33.536385,103.626595,10.139041,63.371910,90.512207,129.289993,61.345699,73.895096
2016-07-12 13:30:00,94.034485,33.999996,104.149742,10.191949,63.117352,89.976524,127.150002,61.338909,73.862801
2016-07-13 13:30:00,93.983276,33.992508,103.897514,10.215996,63.229687,90.208351,128.320007,61.678223,73.878967
2016-07-14 13:30:00,94.435532,34.284130,104.607475,10.256879,63.132359,89.832550,127.330002,61.128563,73.895096
2016-07-15 13:30:00,94.333138,34.142052,104.439301,10.252070,62.930199,89.488731,126.839996,61.148918,73.878967
2016-07-18 13:30:00,94.597649,34.261703,105.130608,10.261688,62.952652,89.464752,127.040001,61.311756,73.878967
2016-07-19 13:30:00,94.409927,33.947651,104.747581,10.264095,63.049980,89.704659,127.209999,61.610371,73.895096
2016-07-20 13:30:00,94.913383,34.216839,105.971352,10.300167,62.982613,89.520721,125.389999,61.617157,73.895096
2016-07-21 13:30:00,94.537918,34.186928,105.728462,10.264095,63.057491,89.720596,127.300003,61.739288,73.895096
2016-07-22 13:30:00,94.990173,34.239269,106.167503,10.324219,63.064953,89.648651,126.349998,62.282173,73.895096
2016-07-25 13:30:00,94.742714,34.127106,106.176865,10.302572,63.027515,89.576706,125.470001,62.166790,73.878967
2016-07-26 13:30:00,94.845100,34.269173,106.298309,10.309786,63.020027,89.632645,126.000000,61.861454,73.878967
2016-07-27 13:30:00,94.734184,34.433681,107.036285,10.254477,63.207195,90.016449,128.029999,61.379623,73.895096
2016-07-28 13:30:00,94.853622,34.426208,107.409935,10.232832,63.169746,90.064400,127.660004,61.949669,73.878967
2016-07-29 13:30:00,95.075531,34.762688,107.643509,10.249662,63.371910,90.408241,128.979996,62.736828,73.895096
2016-08-01 13:30:00,94.947479,34.598194,108.213333,10.218401,63.173130,90.094398,129.220001,62.872551,73.878967
2016-08-02 13:30:00,94.230743,34.463581,107.391258,10.153467,63.113056,89.878174,130.270004,61.868214,73.895096
2016-08-03 13:30:00,94.580582,34.403774,107.746246,10.158279,63.113056,89.926231,129.649994,61.508560,73.878967
2016-08-04 13:30:00,94.691513,34.590714,108.054535,10.175114,63.225658,90.142395,129.869995,61.257488,73.878967
2016-08-05 13:30:00,95.476532,34.747734,109.091438,10.232832,63.015553,89.581947,127.550003,61.298187,73.878967
2016-08-08 13:30:00,95.416847,34.874855,108.969994,10.232832,63.023113,89.533890,127.440002,61.406769,73.878967
2016-08-09 13:30:00,95.502144,35.144047,109.222237,10.237638,63.203140,89.854141,127.959999,61.739288,73.878967
2016-08-10 13:30:00,95.220558,35.211342,108.941986,10.235235,63.285652,90.094398,128.559998,61.671413,73.878967
2016-08-11 13:30:00,95.698410,35.495480,109.409073,10.290550,63.120613,89.662003,127.669998,60.972450,73.878967
2016-08-12 13:30:00,95.604576,35.368370,109.483810,10.283334,63.263111,89.982246,127.400002,61.230347,73.878967
2016-08-15 13:30:00,95.954384,35.585213,109.950882,10.312193,63.158150,89.718063,127.839996,61.169266,73.878967
2016-08-16 13:30:00,95.408279,35.458080,109.343697,10.252070,63.128101,89.565903,128.470001,60.436371,73.878967
2016-08-17 13:30:00,95.527756,35.458080,109.539848,10.268902,63.225658,89.710060,128.500000,60.680676,73.878967
2016-08-18 13:30:00,95.826401,35.645020,109.567871,10.300167,63.293133,89.870201,129.110001,60.456718,73.895096
2016-08-19 13:30:00,95.689888,35.405739,109.539848,10.264095,63.165646,89.565903,127.970001,60.069931,73.878967
2016-08-22 13:30:00,95.715508,35.360897,109.623886,10.252070,63.255672,89.766068,127.779999,60.395649,73.878967
2016-08-23 13:30:00,95.971481,35.465565,109.820084,10.276119,63.285652,89.758095,127.760002,60.429592,73.878967
2016-08-24 13:30:00,95.433891,35.383297,109.110146,10.249662,63.278179,89.726067,126.339996,60.164932,73.895096
2016-08-25 13:30:00,95.374153,35.316025,108.932648,10.244854,63.210651,89.581947,126.230003,60.436371,73.878967
2016-08-26 13:30:00,95.177910,35.061783,109.091438,10.215996,63.053116,89.237610,126.050003,59.839207,73.878967
2016-08-29 13:30:00,95.698410,35.196384,109.240883,10.273707,63.270649,89.605949,126.300003,60.429592,73.895096
2016-08-30 13:30:00,95.544815,35.099178,108.885925,10.235235,63.218155,89.597969,125.029999,60.314224,73.895096
2016-08-31 13:30:00,95.271759,34.919716,108.773842,10.215996,63.173130,89.493835,124.779999,60.375278,73.895096
2016-09-01 13:30:00,95.322945,35.144047,109.054077,10.235235,63.260357,89.634163,125.290001,60.226002,73.895096
2016-09-02 13:30:00,95.809334,35.547825,109.409073,10.278525,63.170082,89.401634,126.570000,60.748505,73.911278
2016-09-06 13:30:00,96.082413,35.914223,110.091011,10.307382,63.358009,89.818550,128.710007,61.216755,73.911278
2016-09-07 13:30:00,96.210403,35.959084,110.156380,10.290550,63.365582,89.866669,128.270004,61.583214,73.895096
2016-09-08 13:30:00,95.962914,35.906738,109.511833,10.268902,63.125011,89.425697,127.589996,60.829960,73.895096
2016-09-09 13:30:00,93.573685,35.106647,106.756027,10.013985,62.846939,89.000725,126.750000,58.420921,73.911278
2016-09-12 13:30:00,94.879265,35.398270,108.671074,10.155875,62.869415,89.080940,126.589996,59.113091,73.878967
2016-09-13 13:30:00,93.394989,34.528851,107.699539,10.016389,62.689072,88.752167,125.750000,57.628979,73.895096
2016-09-14 13:30:00,93.403557,34.558929,108.213333,9.992340,62.771736,88.952637,126.180000,57.813488,73.895096
2016-09-15 13:30:00,94.363914,34.897377,109.894821,10.095751,62.824368,88.976700,125.370003,58.032131,73.895096
2016-09-16 13:30:00,93.986626,34.528851,109.842400,10.066890,62.876965,89.072899,125.059998,58.059467,73.895096
2016-09-19 13:30:00,94.123817,34.762005,109.364769,10.065441,62.831833,88.920578,125.320000,58.585613,73.895096
2016-09-20 13:30:00,94.080948,34.867290,109.570793,10.060600,62.846939,89.056923,125.440002,58.496792,73.895096
2016-09-21 13:30:00,95.161354,35.551704,110.647774,10.162202,63.027306,89.201187,127.269997,59.248398,73.895096
2016-09-22 13:30:00,95.855888,35.905193,111.528076,10.210582,63.155083,89.465797,127.570000,60.307495,73.911278
2016-09-23 13:30:00,95.307121,35.529137,110.816353,10.157364,63.140030,89.505875,127.650002,60.491989,73.911278
2016-09-26 13:30:00,94.552528,35.198215,109.889206,10.075117,63.245300,89.762451,127.550003,60.635471,73.911278
2016-09-27 13:30:00,95.092773,35.416313,110.975525,10.152527,63.320454,89.914848,126.620003,59.993168,73.895096
2016-09-28 13:30:00,95.650116,35.724682,111.162834,10.208163,63.320454,89.874710,126.220001,60.485165,73.895096
2016-09-29 13:30:00,94.715462,35.318562,110.357452,10.152527,63.327991,89.930824,126.070000,59.678848,73.895096
2016-09-30 13:30:00,95.461456,35.506573,111.181587,10.234773,63.245300,89.706314,125.639999,59.268871,73.911278
2016-10-03 13:30:00,95.169945,35.484005,111.022385,10.198483,63.178272,89.497551,125.320000,58.161968,73.895096
2016-10-04 13:30:00,94.741211,35.356155,110.853798,10.118657,62.967415,89.088089,120.970001,57.369343,73.911278
2016-10-05 13:30:00,95.109886,35.611870,111.247162,10.162202,62.861969,88.887375,120.779999,56.207741,73.911278
2016-10-06 13:30:00,95.144218,35.461452,111.190964,10.169457,62.839333,88.702736,119.660004,56.228226,73.911278
2016-10-07 13:30:00,94.784042,35.235828,110.947456,10.150105,62.892097,88.831177,119.739998,56.132580,73.911278
2016-10-10 13:30:00,95.298553,35.393764,111.649818,10.164618,62.824276,88.598312,120.160004,56.481060,73.911278
2016-10-11 13:30:00,94.029510,34.837204,110.057793,10.063022,62.726398,88.574249,119.550003,55.934425,73.895096
2016-10-12 13:30:00,94.140976,34.792088,109.964119,10.070280,62.764034,88.574249,119.739998,56.576710,73.911278
2016-10-13 13:30:00,93.806572,34.649178,109.570793,10.038829,62.839333,88.758934,120.029999,57.020847,73.895096
2016-10-14 13:30:00,93.780846,34.709351,109.701920,10.053346,62.711285,88.485939,119.360001,56.768040,73.895096
2016-10-17 13:30:00,93.515007,34.641659,109.402229,10.026737,62.846893,88.678665,119.680000,56.891026,73.895096
2016-10-18 13:30:00,94.063789,35.055317,110.376183,10.033995,62.929733,88.855255,120.419998,57.253174,73.895096
2016-10-19 13:30:00,94.363914,35.175652,110.366837,10.012223,62.974918,88.895416,121.110001,57.376148,73.911278
2016-10-20 13:30:00,94.183830,35.160610,110.235725,9.978354,62.937271,88.815109,120.739998,57.246346,73.895096
2016-10-21 13:30:00,94.149559,35.115490,110.647774,10.012223,62.989941,88.911453,120.830002,57.034515,73.895096
2016-10-24 13:30:00,94.621132,35.153099,111.977600,10.063022,62.899624,88.791069,120.559998,57.164330,73.895096
2016-10-25 13:30:00,94.218124,35.115490,111.621750,10.067860,62.899624,88.774979,121.470001,57.061836,73.895096
2016-10-26 13:30:00,93.935181,34.919933,110.863167,10.084795,62.786625,88.582298,120.790001,56.317051,73.911278
2016-10-27 13:30:00,93.617897,34.837204,110.357452,10.053346,62.613400,88.277206,121.010002,54.841148,73.895096
2016-10-28 13:30:00,93.309235,34.799599,109.664421,10.063022,62.583271,88.293236,121.580002,54.970978,73.911278
2016-10-31 13:30:00,93.369263,34.829693,109.561432,10.075117,62.651077,88.365509,121.940002,55.866085,73.927429
2016-11-01 13:30:00,92.674728,34.694298,108.737282,10.007387,62.630695,88.368744,122.730003,54.649826,73.911278
2016-11-02 13:30:00,92.031624,34.400990,107.866371,9.971101,62.691090,88.634064,123.639999,53.850376,73.927429
2016-11-03 13:30:00,91.628601,34.370914,106.808098,9.942072,62.653343,88.577766,124.300003,53.433548,73.911278
2016-11-04 13:30:00,91.568588,34.039978,106.433510,9.903368,62.766521,88.851128,124.389999,53.857212,73.927429
2016-11-07 14:30:00,93.592186,34.686771,108.962074,10.089630,62.683529,88.481255,122.150002,54.800163,73.911278
2016-11-08 14:30:00,93.995186,34.799599,109.673836,10.147687,62.570366,88.167740,121.639999,55.087143,73.927429
2016-11-09 14:30:00,95.161354,34.566452,110.179535,10.239606,61.951553,86.825027,121.559998,54.253525,73.895096
2016-11-10 14:30:00,95.495766,34.340816,108.400169,10.227514,61.687450,86.302422,119.750000,53.344738,73.895096
2016-11-11 14:30:00,95.530083,33.987339,108.447029,10.220254,61.574245,86.125534,117.099998,53.665886,73.862801
2016-11-14 14:30:00,95.778725,33.776745,107.351280,10.205741,61.340363,85.627083,116.110001,54.936806,73.895096
2016-11-15 14:30:00,96.524696,34.107689,108.840324,10.287990,61.423378,85.627083,117.120003,54.478996,73.911278
2016-11-16 14:30:00,96.387527,33.754185,109.486504,10.287990,61.551636,85.707443,116.769997,54.321831,73.911278
2016-11-17 14:30:00,96.876274,33.964767,110.282555,10.297667,61.302681,85.329521,116.169998,53.768383,73.927429
2016-11-18 14:30:00,96.696213,33.678978,109.870453,10.285569,61.151684,84.951706,115.150002,53.925545,73.911278
2016-11-21 14:30:00,97.425079,33.979820,111.013008,10.355722,61.144173,85.024025,115.580002,53.761547,73.895096
2016-11-22 14:30:00,97.708008,34.145279,111.350166,10.408937,61.196972,85.104454,115.540001,54.704494,73.895096
2016-11-23 14:30:00,97.845222,33.987339,110.900627,10.413776,61.038536,84.798958,113.250000,54.472164,73.895096
2016-11-25 14:30:00,98.222511,34.122711,111.256477,10.459738,61.061157,84.726547,112.610001,54.786491,73.911278
2016-11-28 14:30:00,97.656563,33.994865,111.003647,10.445225,61.204552,85.112495,113.800003,55.039310,73.895096
2016-11-29 14:30:00,97.793770,34.160309,111.387611,10.442802,61.249821,85.200935,113.269997,55.565445,73.895096
2016-11-30 14:30:00,97.562256,34.130230,110.039024,10.404097,61.038536,84.630089,111.750000,54.929962,73.895096
2016-12-01 14:30:00,97.159241,34.039978,108.137924,10.333947,60.811714,84.307205,111.540001,54.123680,73.929092
2016-12-02 14:30:00,97.159241,34.130230,108.353325,10.367815,61.030991,84.685638,112.139999,54.663486,73.912918
2016-12-05 14:30:00,97.836624,34.400990,109.196167,10.411358,61.106575,84.653435,111.540001,55.066635,73.912918
2016-12-06 14:30:00,98.333961,34.581497,109.458412,10.440387,61.099022,84.685638,111.430000,55.421947,73.929092
2016-12-07 14:30:00,99.551567,35.077869,110.844444,10.587944,61.242657,84.967430,111.830002,56.528896,73.929092
2016-12-08 14:30:00,99.911690,35.100441,111.041092,10.592784,61.121696,84.645393,111.570000,56.918354,73.929092
2016-12-09 14:30:00,100.451904,35.205746,111.912056,10.650839,60.940247,84.210564,110.400002,56.856850,73.929092
2016-12-12 14:30:00,100.194672,35.002670,111.406342,10.704056,60.872173,84.226723,110.820000,57.232677,73.912918
2016-12-13 14:30:00,100.777740,35.348644,112.811089,10.771788,60.940247,84.274986,110.449997,57.205338,73.929092
2016-12-14 14:30:00,99.868835,34.709351,112.576973,10.662932,60.630234,83.574532,108.830002,55.954910,73.929092
2016-12-15 14:30:00,100.280418,34.686771,112.754890,10.694381,60.539509,83.341049,107.339996,55.626934,73.929092
2016-12-16 14:30:00,100.126060,34.619095,112.336960,10.699219,60.592434,83.445686,108.050003,56.460548,73.912918
2016-12-19 14:30:00,100.409035,34.581497,112.797188,10.725823,60.751236,83.832184,108.589996,57.068668,73.929092
2016-12-20 14:30:00,100.837837,34.687683,113.229256,10.752677,60.758770,83.655083,107.790001,57.198517,73.912918
2016-12-21 14:30:00,100.553139,34.634586,113.144699,10.728264,60.849491,83.791939,107.849998,56.330742,73.929092
2016-12-22 14:30:00,100.294258,34.467716,112.825340,10.718505,60.807838,83.755638,107.589996,56.236538,73.912918
2016-12-23 14:30:00,100.449577,34.566311,112.900497,10.725823,60.838131,83.836281,107.930000,56.383060,73.912918
2016-12-27 14:30:00,100.699768,34.573906,113.482834,10.742912,60.792645,83.715271,108.559998,56.501656,73.929092
2016-12-28 14:30:00,99.862846,34.551151,112.599907,10.662359,60.944271,84.021736,108.860001,56.159805,73.927444
2016-12-29 14:30:00,99.871490,34.740807,112.440247,10.672122,61.111023,84.279800,110.290001,56.857441,73.943596
2016-12-30 14:30:00,99.500481,34.801468,111.284950,10.635509,61.239857,84.529823,109.610001,57.576008,73.911301
2017-01-03 14:30:00,100.259750,35.051785,112.280563,10.691653,61.247475,84.489510,110.470001,57.764374,73.943596
2017-01-04 14:30:00,101.027672,35.438625,112.891129,10.708738,61.292938,84.586258,110.860001,58.608532,73.943596
2017-01-05 14:30:00,100.829216,35.704128,113.529823,10.698972,61.603752,85.134613,112.580002,58.796875,73.927444
2017-01-06 14:30:00,101.148491,35.628265,114.525421,10.698972,61.361141,84.747505,111.750000,58.803860,73.943596
2017-01-09 14:30:00,100.760201,35.559990,114.901138,10.642832,61.512802,85.070107,112.669998,58.273647,73.943596
2017-01-10 14:30:00,100.837837,35.620689,115.154724,10.606215,61.497601,85.029808,113.150002,57.778316,73.927444
2017-01-11 14:30:00,101.157104,35.886177,115.464691,10.635509,61.527924,85.126534,113.500000,57.422512,73.943596
2017-01-12 14:30:00,100.889626,35.939255,115.286240,10.613537,61.543095,85.174965,113.910004,57.715534,73.943596
2017-01-13 14:30:00,101.139847,36.045464,115.680756,10.620861,61.444530,84.989479,114.209999,57.631805,73.943596
2017-01-17 14:30:00,100.691193,35.954441,115.333199,10.620861,61.634041,85.416893,115.849998,58.078316,73.943596
2017-01-18 14:30:00,100.924118,35.764801,115.568054,10.625745,61.315693,84.812042,114.870003,58.175972,73.927444
2017-01-19 14:30:00,100.527229,35.734467,115.511650,10.586686,61.209572,84.489510,114.769997,57.582989,73.927444
2017-01-20 14:30:00,100.872345,35.878582,115.765274,10.642832,61.255020,84.529823,115.050003,58.001556,73.943596
2017-01-23 14:30:00,100.604881,36.045464,115.859200,10.596450,61.421795,84.973320,115.790001,58.489914,73.927444
2017-01-24 14:30:00,101.390060,36.189594,116.638817,10.659919,61.330849,84.650749,115.269997,58.503857,73.927444
2017-01-25 14:30:00,102.261497,36.568844,117.812881,10.730704,61.148914,84.231422,114.320000,58.120167,73.943596
2017-01-26 14:30:00,102.114838,36.455055,117.934967,10.691653,61.171661,84.344276,113.260002,58.008541,73.959808
2017-01-27 14:30:00,101.950897,36.371635,118.160400,10.694096,61.239857,84.449142,113.489998,57.443459,73.927444
2017-01-30 14:30:00,101.260620,36.136490,117.239914,10.635509,61.224716,84.424942,113.970001,57.052788,73.959808
2017-01-31 14:30:00,101.346909,36.219921,117.005119,10.584248,61.353592,84.715248,115.550003,57.464390,73.943596
2017-02-01 14:30:00,101.338272,36.341286,117.812881,10.535426,61.245758,84.552956,115.199997,56.773716,73.948494
2017-02-02 14:30:00,101.407310,36.386795,117.709572,10.547631,61.283695,84.585251,115.839996,57.450432,73.948494
2017-02-03 14:30:00,102.175232,36.553684,118.047714,10.596450,61.298882,84.649841,116.129997,57.764374,73.932289
2017-02-06 14:30:00,101.933640,36.341286,118.188606,10.584248,61.488792,85.053642,117.699997,57.666698,73.964668
2017-02-07 14:30:00,101.925026,36.303368,118.620674,10.606215,61.587582,85.207108,117.459999,57.464390,73.964668
2017-02-08 14:30:00,102.037155,36.417133,118.817894,10.620861,61.754662,85.554390,118.190002,57.917847,73.964668
2017-02-09 14:30:00,102.710159,36.515747,119.249969,10.664799,61.587582,85.045540,117.290001,58.057362,73.964668
2017-02-10 14:30:00,103.141571,36.712971,119.644447,10.689210,61.572308,84.989082,117.599998,58.468990,73.948494
2017-02-13 14:30:00,103.659294,36.857094,120.320732,10.742912,61.503944,84.859894,116.800003,58.489914,73.948494
2017-02-14 14:30:00,104.038895,36.826748,120.724640,10.764880,61.374840,84.552956,116.930000,58.182938,73.964668
2017-02-15 14:30:00,104.608383,37.031548,121.438484,10.825906,61.276123,84.391434,117.449997,57.987625,73.948494
2017-02-16 14:30:00,104.513458,37.061901,121.400879,10.845436,61.390034,84.730614,118.080002,58.329460,73.948494
2017-02-17 14:30:00,104.668785,36.902599,121.926888,10.860081,61.534336,84.956772,117.680000,58.441067,73.964668
2017-02-21 14:30:00,105.289993,37.114986,122.528008,10.918665,61.526768,84.916374,117.750000,59.187534,73.948494
2017-02-22 14:30:00,105.151947,37.122578,122.575005,10.908900,61.564762,85.053642,117.910004,58.992222,73.948494
2017-02-23 14:30:00,105.074303,37.160507,122.114746,10.955281,61.678677,85.279854,118.940002,59.299179,73.948494
2017-02-24 14:30:00,105.246841,36.864674,122.349556,10.984571,61.906586,85.675568,119.699997,59.578220,73.948494
2017-02-27 14:30:00,105.479820,36.834332,122.499847,10.987012,61.777466,85.368637,119.120003,59.892155,73.948494
2017-02-28 14:30:00,105.091560,36.705379,122.124168,10.945517,61.731861,85.328293,119.230003,59.480556,73.980812
2017-03-01 14:30:00,106.506599,37.130165,123.457924,11.060246,61.479183,84.733887,119.059998,59.299179,73.951691
2017-03-02 14:30:00,105.824966,36.811577,122.837952,11.023629,61.365044,84.491226,117.580002,58.978268,73.951691
2017-03-03 14:30:00,105.911240,36.993633,123.063438,11.011424,61.410717,84.572105,117.510002,58.748043,73.967934
2017-03-06 14:30:00,105.497093,36.902599,122.790993,10.994336,61.372643,84.555939,116.720001,58.482937,73.984077
2017-03-07 14:30:00,105.160583,36.819168,122.584381,10.960163,61.258450,84.434578,115.779999,58.203888,73.951691
2017-03-08 14:30:00,104.867218,36.599190,122.800423,10.947960,61.113911,84.151527,115.059998,57.129520,73.951691
2017-03-09 14:30:00,104.918999,36.644699,122.894348,10.952841,60.923557,83.917030,114.470001,56.271416,73.951691
2017-03-10 14:30:00,105.298622,36.986046,123.410919,10.996776,61.045387,84.094910,114.720001,56.097015,73.967934
2017-03-13 13:30:00,105.376289,37.190853,123.617607,10.991897,60.923557,83.884636,114.739998,56.236538,73.951691
2017-03-14 13:30:00,104.996643,36.932926,123.317009,10.957721,60.916000,83.973610,114.120003,56.222595,73.951691
2017-03-15 13:30:00,105.945747,37.532177,124.077858,11.040714,61.296543,84.709572,116.250000,57.359753,73.967934
2017-03-16 13:30:00,105.816299,37.752159,123.993286,11.030951,61.205196,84.474991,116.730003,57.248127,73.984077
2017-03-17 13:30:00,105.755936,37.744576,123.950027,11.038276,61.326992,84.701515,116.989998,57.513229,73.984077
2017-03-20 13:30:00,105.505707,37.820431,124.062950,11.022539,61.448753,84.903664,117.510002,57.464390,73.967934
2017-03-21 13:30:00,104.030281,37.554935,122.180458,10.941400,61.593349,85.186752,118.540001,57.213226,73.984077
2017-03-22 13:30:00,104.168335,37.623199,123.008759,10.951238,61.677040,85.348511,118.830002,57.181602,73.984077
2017-03-23 13:30:00,104.133842,37.706642,122.698189,10.936484,61.646599,85.259521,118.669998,57.603252,73.967934
2017-03-24 13:30:00,104.144226,37.843620,122.952301,10.911897,61.631401,85.308083,118.860001,57.539993,73.984077
2017-03-27 13:30:00,104.022896,37.896893,123.149956,10.902059,61.760796,85.518372,119.529999,57.019981,73.984077
2017-03-28 13:30:00,104.750931,38.018646,123.902931,10.958611,61.646599,85.227180,119.040001,57.265926,73.984077
2017-03-29 13:30:00,104.941628,38.064312,124.477058,10.956150,61.768410,85.469841,119.330002,57.589199,73.984077
2017-03-30 13:30:00,105.331612,37.912113,124.684166,10.970905,61.669453,85.227180,118.470001,57.694595,73.984077
2017-03-31 13:30:00,105.149605,37.805573,124.599434,10.961069,61.707527,85.397057,118.720001,58.038948,73.967934
2017-04-03 13:30:00,104.889595,37.797962,124.524139,10.929109,61.931725,85.817406,119.349998,58.207607,73.974358
2017-04-04 13:30:00,104.941628,37.828400,124.721832,10.956150,61.863098,85.695885,119.620003,58.207607,73.974358
2017-04-05 13:30:00,104.516930,37.660984,124.213539,10.926648,61.916462,85.857910,119.620003,58.291935,73.974358
2017-04-06 13:30:00,104.846252,37.660984,124.279411,10.931568,61.939369,85.801216,119.180000,58.601143,73.974358
2017-04-07 13:30:00,104.768250,37.622936,124.213539,10.936484,61.802109,85.542007,119.459999,58.685467,73.974358
2017-04-10 13:30:00,104.898262,37.592495,124.260643,10.936484,61.863098,85.695885,119.459999,59.050896,73.974358
2017-04-11 13:30:00,104.863571,37.699036,123.724091,10.938941,62.061398,86.092827,121.190002,59.458473,73.990585
2017-04-12 13:30:00,104.326233,37.706635,123.225243,10.906977,62.206322,86.360085,122.019997,59.353062,73.974358
2017-04-13 13:30:00,103.615540,37.493568,122.735817,10.840590,62.297844,86.619293,122.599998,59.219555,73.990585
2017-04-17 13:30:00,104.516930,37.797962,123.752319,10.911897,62.259720,86.481560,122.239998,59.936344,73.990585
2017-04-18 13:30:00,104.291573,37.539223,123.564110,10.909438,62.480885,86.975670,122.820000,60.097973,74.006775
2017-04-19 13:30:00,104.204910,37.371799,123.761742,10.865180,62.366497,86.748917,121.730003,60.013630,74.006775
2017-04-20 13:30:00,105.062943,37.714245,124.797127,10.919274,62.282585,86.554497,121.959999,60.020664,74.006775
2017-04-21 13:30:00,104.724915,37.699036,124.768883,10.902059,62.297844,86.594955,122.309998,59.802811,74.006775
2017-04-24 13:30:00,105.834343,38.498066,126.274834,10.997952,62.213924,86.416817,121.480003,59.142258,73.990585
2017-04-25 13:30:00,106.493034,38.726353,127.187813,11.056964,62.023239,85.971329,120.250000,59.388195,73.990585
2017-04-26 13:30:00,106.519020,38.635040,127.008972,11.032372,62.084316,86.198097,120.839996,58.945477,74.006775
2017-04-27 13:30:00,106.623024,38.581776,127.771400,11.039754,62.130043,86.254799,120.389999,58.790886,73.990585
2017-04-28 13:30:00,106.267654,38.581776,127.997246,10.988116,62.198662,86.343864,120.769997,58.179497,74.022903
2017-05-01 13:30:00,106.545029,38.756802,129.136154,10.970905,62.082512,86.157318,119.669998,58.523846,74.018105
2017-05-02 13:30:00,106.545029,38.985092,129.352615,10.975822,62.189507,86.335793,119.650002,58.425449,74.001877
2017-05-03 13:30:00,106.284996,38.870945,128.938492,10.983199,62.120754,86.157318,117.980003,57.645420,74.001877
2017-05-04 13:30:00,106.362999,38.969872,128.985565,10.993034,62.051914,85.962646,116.790001,57.364311,74.018105
2017-05-05 13:30:00,106.891724,39.342751,129.456131,11.032372,62.090145,85.978867,117.010002,57.905430,74.001877
2017-05-08 13:30:00,106.727028,39.137280,129.738525,11.020082,61.983166,85.767952,116.750000,57.497845,74.018105
2017-05-09 13:30:00,106.692360,39.114468,130.190353,11.010248,61.952572,85.670578,116.050003,57.188641,74.018105
2017-05-10 13:30:00,106.926392,39.243828,130.265625,11.017624,61.944958,85.638191,116.040001,57.638390,74.034271
2017-05-11 13:30:00,106.614365,39.160122,130.162094,10.970905,61.990833,85.703064,116.500000,57.350285,74.034271
2017-05-12 13:30:00,106.406349,39.365589,130.453903,10.951238,62.174217,86.141121,116.830002,57.118370,74.018105
2017-05-15 13:30:00,106.978371,39.639545,130.867966,11.010248,62.158951,86.084305,117.139999,57.287010,74.034271
2017-05-16 13:30:00,106.917709,39.791729,131.413895,11.020082,62.220085,86.197861,117.650002,56.900513,74.034271
2017-05-17 13:30:00,104.993622,39.266655,128.072540,10.884850,62.556396,86.887405,119.790001,57.132416,74.050430
2017-05-18 13:30:00,105.305618,39.175335,129.192642,10.897142,62.502865,86.863045,118.809998,57.448654,74.050430
2017-05-19 13:30:00,106.059685,39.715649,129.738525,10.980743,62.541077,86.838745,119.400002,57.757874,74.034271
2017-05-22 13:30:00,106.623024,39.768913,130.830353,11.037292,62.487606,86.741409,119.900002,57.982719,74.050430
2017-05-23 13:30:00,106.805046,39.768913,130.962158,11.029917,62.357643,86.514244,119.139999,58.031937,74.050430
2017-05-24 13:30:00,107.117035,39.845009,131.564545,11.052041,62.487606,86.692711,119.610001,58.502773,74.034271
2017-05-25 13:30:00,107.567741,39.860214,132.684586,11.125805,62.487606,86.741409,119.480003,58.509789,74.050430
2017-05-26 13:30:00,107.550415,39.822178,132.919815,11.120886,62.518173,86.798172,120.540001,58.088150,74.066681
2017-05-30 13:30:00,107.377075,39.738461,133.032867,11.147932,62.609879,87.017204,120.139999,57.722721,74.034271
2017-05-31 13:30:00,107.342400,39.723240,132.985733,11.179897,62.640453,87.057716,120.620003,57.757874,74.034271
2017-06-01 13:30:00,108.339127,40.020023,133.503403,11.236450,62.657280,87.012276,120.720001,58.060036,74.061790
2017-06-02 13:30:00,108.694489,40.362480,135.028244,11.256124,62.864101,87.394112,121.610001,58.657368,74.045624
2017-06-05 13:30:00,108.555801,40.202660,134.999985,11.261037,62.764507,87.247849,121.730003,58.404377,74.061790
2017-06-06 13:30:00,108.278450,40.118961,134.463516,11.229074,62.879379,87.524078,123.099998,58.123283,74.045624
2017-06-07 13:30:00,108.399780,40.134171,134.990555,11.219237,62.795147,87.361588,122.449997,58.530876,74.078033
2017-06-08 13:30:00,108.590469,40.096127,135.131790,11.211864,62.749203,87.223495,121.650002,58.390308,74.061790
2017-06-09 13:30:00,108.503784,39.913494,131.752762,11.236450,62.695599,87.142227,120.540001,58.797905,74.078033
2017-06-12 13:30:00,108.486458,39.776520,131.046829,11.256124,62.680298,87.125984,120.360001,59.324963,74.061790
2017-06-13 13:30:00,109.023842,40.103741,132.110443,11.290545,62.695599,87.158508,120.480003,59.458473,74.078033
2017-06-14 13:30:00,108.867798,40.050465,131.536285,11.305294,62.925377,87.613449,119.820000,59.542812,74.061790
2017-06-15 13:30:00,108.625153,39.654766,130.952728,11.302835,62.856396,87.459106,119.320000,59.844994,74.061790
2017-06-16 13:30:00,108.555801,39.936317,130.384583,11.322507,62.925377,87.507881,119.339996,59.690395,74.094208
2017-06-19 13:30:00,109.439850,40.111343,132.564713,11.384666,62.833450,87.264130,118.430000,59.697403,74.078033
2017-06-20 13:30:00,108.694489,39.723240,131.526581,11.322753,62.925377,87.483467,118.180000,59.556873,74.078033
2017-06-21 13:30:00,108.568230,39.658638,132.828964,11.278176,62.955990,87.475349,118.519997,59.437397,74.094208
2017-06-22 13:30:00,108.611740,39.797092,132.791199,11.265796,62.978947,87.556633,118.919998,59.493614,74.110466
2017-06-23 13:30:00,108.881683,39.897079,133.300919,11.288080,62.994240,87.580971,119.430000,59.700050,74.094208
2017-06-26 13:30:00,108.960022,40.012466,132.678024,11.278176,63.063217,87.654099,118.360001,60.125729,74.078033
2017-06-27 13:30:00,108.063210,39.920158,130.271347,11.201404,62.848778,87.223495,118.809998,59.586544,74.078033
2017-06-28 13:30:00,109.081924,40.304749,132.149429,11.250936,62.848778,87.142227,118.900002,59.728428,74.110466
2017-06-29 13:30:00,108.211227,39.889397,129.856033,11.134536,62.718536,86.817276,118.320000,59.047375,74.094208
2017-06-30 13:30:00,108.359245,39.973995,129.903244,11.169206,62.672600,86.614151,118.019997,59.047375,74.110466
2017-07-03 13:30:00,108.620461,40.004757,128.534760,11.196447,62.679516,86.296028,116.089996,59.799400,74.118568
2017-07-05 13:30:00,108.742371,39.973995,129.799423,11.203879,62.717964,86.361130,116.519997,58.955151,74.102295
2017-07-06 13:30:00,107.671402,39.735558,128.629105,11.119678,62.571846,86.198372,116.470001,57.848423,74.118568
2017-07-07 13:30:00,108.420204,39.781704,130.016495,11.169206,62.556503,86.060074,115.279999,58.174763,74.118568
2017-07-10 13:30:00,108.498558,39.904781,130.865891,11.144441,62.587246,86.173981,115.470001,57.642651,74.118568
2017-07-11 13:30:00,108.472443,40.043228,131.233978,11.134536,62.648754,86.287918,115.620003,57.578812,74.118568
2017-07-12 13:30:00,109.247368,40.427803,132.791199,11.208832,62.794853,86.540123,116.029999,58.288250,74.102295
2017-07-13 13:30:00,109.421516,40.581650,133.083786,11.218740,62.771843,86.450630,115.820000,58.380497,74.102295
2017-07-14 13:30:00,109.909126,40.943161,134.131409,11.283129,62.794853,86.572647,116.769997,58.940945,74.134735
2017-07-17 13:30:00,109.909126,40.789326,134.197495,11.278176,62.879463,86.678444,117.290001,59.416290,74.118568
2017-07-18 13:30:00,109.978775,40.897003,135.094040,11.260840,63.025604,86.995781,118.110001,59.288574,74.118568
2017-07-19 13:30:00,110.614395,41.112370,135.886795,11.297989,63.033295,86.995781,118.080002,59.735519,74.118568
2017-07-20 13:30:00,110.684052,41.266212,136.066162,11.297989,63.071747,87.020180,118.239998,59.458851,74.118568
2017-07-21 13:30:00,110.536011,41.089298,136.009521,11.283129,63.140953,87.174782,119.260002,59.416290,74.118568
2017-07-24 13:30:00,110.544739,41.089298,136.632416,11.213786,63.110218,87.117851,119.309998,59.302773,74.118568
2017-07-25 13:30:00,110.910408,41.135452,136.283264,11.273224,62.871792,86.629616,118.919998,59.380802,74.118568
2017-07-26 13:30:00,110.832047,41.358521,136.726852,11.293035,63.025604,86.906265,119.879997,59.792301,74.134735
2017-07-27 13:30:00,110.640488,41.243134,135.868027,11.384666,62.948692,86.767952,119.790001,59.863239,74.150955
2017-07-28 13:30:00,110.457672,41.243134,135.754684,11.330180,63.064075,86.914406,120.690002,59.700050,74.134735
2017-07-31 13:30:00,110.396721,41.320049,135.178970,11.354948,63.056370,86.938828,120.750000,59.778103,74.134735
2017-08-01 13:30:00,110.623093,41.581581,135.490479,11.362376,63.312832,87.154770,120.650002,60.047710,74.154198
2017-08-02 13:30:00,110.518623,41.573879,135.858566,11.352471,63.274174,87.073296,120.400002,59.501427,74.170471
2017-08-03 13:30:00,110.266090,41.504658,135.330032,11.372283,63.405476,87.374786,120.589996,59.380802,74.170471
2017-08-04 13:30:00,110.501152,41.581581,135.575409,11.387143,63.305092,87.138496,119.650002,59.579464,74.170471
2017-08-07 13:30:00,110.718864,41.627724,136.434280,11.406957,63.328251,87.187347,119.510002,59.515614,74.170471
2017-08-08 13:30:00,110.414101,41.473896,136.198273,11.379715,63.243240,87.114006,119.860001,59.231815,74.170471
2017-08-09 13:30:00,110.292213,41.350822,136.018967,11.384666,63.289608,87.219963,121.309998,59.033192,74.170471
2017-08-10 13:30:00,108.672691,40.689320,133.102661,11.307895,63.382267,87.545906,122.209999,58.607517,74.170471
2017-08-11 13:30:00,108.872978,40.697029,134.112579,11.302942,63.436317,87.643738,122.790001,58.245689,74.186646
2017-08-14 13:30:00,109.987450,41.004700,135.839645,11.387143,63.390030,87.431824,121.919998,59.217648,74.170471
2017-08-15 13:30:00,109.882988,40.920082,135.934036,11.387143,63.281857,87.171104,120.980003,59.040283,74.186646
2017-08-16 13:30:00,110.083260,41.220062,136.169952,11.414385,63.374599,87.334045,121.870003,59.274403,74.170471
2017-08-17 13:30:00,108.333130,40.720104,133.385803,11.255886,63.490440,87.643738,122.489998,58.905472,74.186646
2017-08-18 13:30:00,108.150284,40.858543,133.291443,11.216263,63.459530,87.660027,122.300003,58.309559,74.170471
2017-08-21 13:30:00,108.306999,40.943161,133.121521,11.253409,63.490440,87.717041,122.760002,58.933857,74.186646
2017-08-22 13:30:00,109.395378,41.104687,135.150681,11.317801,63.413147,87.545906,122.209999,58.763607,74.202873
2017-08-23 13:30:00,109.064507,41.173912,134.669342,11.278176,63.598530,87.847450,122.669998,59.366638,74.202873
2017-08-24 13:30:00,108.890358,41.181606,134.272980,11.260840,63.505844,87.708900,122.290001,59.182156,74.202873
2017-08-25 13:30:00,109.151604,41.443123,133.989853,11.293035,63.583080,87.855560,122.739998,59.465942,74.186646
2017-08-28 13:30:00,109.195145,41.420036,134.405136,11.280653,63.613964,87.937073,124.690002,59.011894,74.202873
2017-08-29 13:30:00,109.238663,41.250839,134.933609,11.293035,63.683483,88.140816,124.419998,58.948059,74.202873
2017-08-30 13:30:00,109.813339,41.227749,136.519241,11.315322,63.675770,88.067451,124.360001,59.281483,74.202873
2017-08-31 13:30:00,110.562126,41.543110,137.982056,11.352471,63.729813,88.205994,125.820000,59.622025,74.219093
2017-09-01 13:30:00,110.814651,41.658493,137.793289,11.369807,63.624607,87.946457,126.059998,59.827774,74.224014
2017-09-05 13:30:00,109.961357,41.343132,136.556946,11.320278,63.887718,88.558556,127.459999,59.664581,74.191513
2017-09-06 13:30:00,110.266090,41.635422,136.972183,11.369807,63.779373,88.346367,126.809998,59.820686,74.224014
2017-09-07 13:30:00,110.213852,41.950775,137.293076,11.387143,63.980579,88.729942,128.130005,60.203777,74.224014
2017-09-08 13:30:00,110.135506,41.912323,136.103958,11.369807,63.910942,88.664673,127.970001,60.253433,74.207710
2017-09-11 13:30:00,111.319664,42.273819,137.670593,11.466393,63.717430,88.158691,126.190002,60.806808,74.207710
2017-09-12 13:30:00,111.746300,42.296898,138.000977,11.520878,63.624607,87.946457,126.559998,60.090263,74.240196
2017-09-13 13:30:00,111.798515,42.104607,138.189758,11.545643,63.547161,87.766922,125.610001,59.934185,74.240196
2017-09-14 13:30:00,111.763695,42.196907,137.378021,11.580313,63.585869,87.783272,126.160004,60.430779,74.224014
2017-09-15 13:30:00,111.972694,42.304596,137.849945,11.624890,63.593605,87.889359,125.529999,60.544300,74.224014
2017-09-18 13:30:00,112.242584,42.373825,137.669266,11.650837,63.547161,87.546593,124.360001,60.217964,74.224014
2017-09-19 13:30:00,112.294838,42.519962,137.905746,11.663312,63.500729,87.448631,124.620003,59.820686,74.256447
2017-09-20 13:30:00,112.477638,42.448826,137.480164,11.665809,63.446571,87.277237,123.620003,59.657482,74.256447
2017-09-21 13:30:00,112.164253,42.371487,136.638336,11.620900,63.431065,87.162971,122.680000,59.543987,74.256447
2017-09-22 13:30:00,112.254303,42.410152,136.505890,11.643353,63.492996,87.318039,123.239998,59.123985,74.256447
2017-09-25 13:30:00,112.070656,42.139484,135.068176,11.655828,63.632263,87.579201,124.529999,59.468014,74.256447
2017-09-26 13:30:00,112.096878,42.023483,135.418091,11.640860,63.601337,87.505753,123.139999,59.568359,74.256447
2017-09-27 13:30:00,112.709015,41.984810,136.638336,11.638364,63.407860,87.056900,121.980003,59.030800,74.256447
2017-09-28 13:30:00,112.892670,42.085350,136.591003,11.668303,63.423332,87.040543,122.209999,59.432171,74.240196
2017-09-29 13:30:00,113.259949,42.325089,137.574661,11.675788,63.431065,86.934464,121.580002,59.554016,74.272667
2017-10-02 13:30:00,113.854546,42.325089,137.697678,11.725685,63.406311,86.835579,120.769997,59.468014,74.275909
2017-10-03 13:30:00,114.081955,42.564823,137.990875,11.763103,63.437302,86.958168,120.830002,59.381992,74.275909
2017-10-04 13:30:00,114.195572,42.533890,138.123306,11.793043,63.437302,86.933655,121.169998,59.683014,74.259697
2017-10-05 13:30:00,114.798981,42.549355,139.475891,11.842937,63.390762,86.843773,120.519997,59.898029,74.275909
2017-10-06 13:30:00,114.720268,42.495224,139.665024,11.825477,63.320953,86.737480,121.089996,59.704529,74.259697
2017-10-09 13:30:00,114.492905,42.487484,139.504242,11.842937,63.383041,86.835579,122.080002,59.847878,74.259697
2017-10-10 13:30:00,114.763992,42.858692,139.608276,11.910300,63.414024,86.868240,122.400002,60.027077,74.259697
2017-10-11 13:30:00,114.921364,43.052032,140.024445,11.937746,63.445023,86.966339,122.790001,60.227741,74.259697
2017-10-12 13:30:00,114.781494,43.013363,139.769089,11.952711,63.499313,87.048080,122.889999,60.614799,74.292152
2017-10-13 13:30:00,114.868904,43.299507,140.308228,11.977657,63.631180,87.342323,123.820000,60.772488,74.292152
2017-10-16 13:30:00,114.947617,43.253090,140.790619,11.977657,63.569130,87.195213,122.970001,60.471458,74.275909
2017-10-17 13:30:00,115.000107,43.137100,140.970352,11.982650,63.576893,87.162506,122.129997,60.543129,74.292152
2017-10-18 13:30:00,115.148766,43.245358,140.800095,12.022569,63.476070,86.941826,121.669998,60.478619,74.292152
2017-10-19 13:30:00,115.175011,43.067486,140.279877,12.050010,63.507080,87.031784,122.389999,60.299435,74.292152
2017-10-20 13:30:00,115.795822,43.044281,140.658188,12.089926,63.351986,86.672089,121.610001,59.955410,74.308395
2017-10-23 13:30:00,115.306160,42.928291,139.740707,12.099908,63.406311,86.753853,121.800003,59.726048,74.292152
2017-10-24 13:30:00,115.507278,43.005619,139.977219,12.114876,63.297695,86.492302,121.330002,59.367664,74.324654
2017-10-25 13:30:00,114.903893,42.850945,139.447479,12.057494,63.243412,86.353340,121.349998,59.195625,74.324654
2017-10-26 13:30:00,115.052559,42.789089,139.002945,12.097414,63.165844,86.238892,120.330002,58.708282,74.324654
2017-10-27 13:30:00,115.988243,42.959225,143.051163,12.177245,63.305481,86.516808,120.900002,58.973454,74.324654
2017-10-30 13:30:00,115.481033,42.982430,143.372803,12.092423,63.452808,86.827370,121.129997,58.923294,74.308395
2017-10-31 13:30:00,115.717171,43.183491,143.911911,12.097414,63.414024,86.770248,120.669998,58.916122,74.324654
2017-11-01 13:30:00,115.813332,43.322701,143.864685,12.142319,63.455212,86.822563,121.110001,59.202808,74.332787
2017-11-02 13:30:00,115.839592,43.415493,143.590347,12.152297,63.517403,86.937180,121.190002,59.704529,74.316559
2017-11-03 13:30:00,116.145660,43.330437,144.971252,12.167266,63.571789,87.076363,120.620003,59.554016,74.316559
2017-11-06 14:30:00,116.364258,43.477367,145.463135,12.129846,63.618393,87.182793,121.650002,59.955410,74.332787
2017-11-07 14:30:00,116.163116,43.314964,145.548233,12.159783,63.641708,87.215485,121.209999,60.442780,74.332787
2017-11-08 14:30:00,116.355484,43.477367,146.134689,12.197204,63.595097,87.109093,121.629997,60.743816,74.332787
2017-11-09 14:30:00,115.883270,43.214424,145.368546,12.142319,63.532917,87.076363,122.129997,60.808304,74.316559
2017-11-10 14:30:00,115.900803,43.098419,145.359116,12.144817,63.276482,86.634277,121.129997,60.872818,74.332787
2017-11-13 14:30:00,115.962029,42.905102,145.538788,12.192216,63.284222,86.593369,121.309998,61.181030,74.332787
2017-11-14 14:30:00,115.752113,42.858692,145.009109,12.207184,63.361938,86.716125,121.559998,61.051991,74.332787
2017-11-15 14:30:00,115.157509,42.618942,144.328110,12.114876,63.509624,87.027191,121.410004,60.435623,74.332787
2017-11-16 14:30:00,116.206841,43.106167,146.172531,12.237122,63.424118,86.806183,121.400002,60.937313,74.349030
2017-11-17 14:30:00,115.988243,43.067486,145.614471,12.192216,63.486282,86.920792,122.860001,60.672150,74.332787
2017-11-20 14:30:00,116.285530,43.137100,145.500977,12.232132,63.447453,86.781609,121.309998,60.492962,74.349030
2017-11-21 14:30:00,117.090050,43.485104,147.080566,12.301990,63.501869,86.797997,121.510002,60.944504,74.365273
2017-11-22 14:30:00,117.002625,43.608829,147.260300,12.274547,63.633961,87.076363,122.629997,60.808304,74.365273
2017-11-24 14:30:00,117.273666,43.840839,147.799408,12.296996,63.618393,87.002663,122.320000,60.887150,74.349030
2017-11-27 14:30:00,117.151253,43.516037,147.733231,12.309472,63.595097,87.059944,122.830002,60.600471,74.349030
2017-11-28 14:30:00,118.314293,43.778973,148.111511,12.439205,63.595097,87.076363,122.809998,60.371101,74.381569
2017-11-29 14:30:00,118.314293,43.477367,145.529358,12.489100,63.439671,86.797997,122.040001,60.392605,74.365273
2017-11-30 14:30:00,119.223740,43.454163,146.749481,12.606354,63.346382,86.527893,121.099998,60.485798,74.365273
2017-12-01 14:30:00,118.987633,43.384560,146.125244,12.586399,63.516171,86.847595,121.589996,60.629150,74.370224
2017-12-04 14:30:00,118.830261,43.229889,144.441635,12.636295,63.523949,86.806610,121.180000,60.328098,74.378357
2017-12-05 14:30:00,118.323029,43.168026,144.536163,12.581409,63.601841,86.872208,120.320000,59.826385,74.386459
2017-12-06 14:30:00,118.253082,42.920563,145.188828,12.591387,63.671947,87.052589,120.070000,59.769051,74.378357
2017-12-07 14:30:00,118.725304,43.028816,145.680649,12.583906,63.586254,86.896805,118.489998,59.919556,74.386459
2017-12-08 14:30:00,119.346161,43.291767,146.323807,12.628810,63.562881,86.831215,118.480003,60.227741,74.394569
2017-12-11 14:30:00,119.626015,43.384560,147.458878,12.666233,63.516171,86.773827,118.010002,60.220570,74.386459
2017-12-12 14:30:00,119.757172,43.369099,147.260300,12.681201,63.508392,86.700050,118.150002,60.514442,74.394569
2017-12-13 14:30:00,119.774643,43.608829,147.543991,12.721121,63.687519,87.052589,119.169998,60.614799,74.386459
2017-12-14 14:30:00,119.215004,43.407772,147.439957,12.668729,63.710846,87.019798,118.930000,60.600471,74.394569
2017-12-15 14:30:00,120.281853,43.384560,149.114120,12.763530,63.718639,87.003387,119.180000,60.980324,74.402702
2017-12-18 14:30:00,121.112564,43.879505,150.364334,12.852697,63.617439,86.806610,119.730003,61.381718,74.410843
2017-12-19 14:30:00,120.622856,43.748035,149.473358,12.860236,63.422756,86.413124,119.820000,60.077244,74.412498
2017-12-20 14:30:00,120.614128,43.740303,149.312256,12.860236,63.298130,86.158920,120.139999,59.381992,74.412498
2017-12-21 14:30:00,120.889214,43.958145,149.331207,12.837627,63.337063,86.219719,120.309998,59.152023,74.412498
2017-12-22 14:30:00,120.845238,44.090874,149.160583,12.852697,63.368217,86.252510,120.940002,59.559601,74.428741
2017-12-26 14:30:00,120.748581,44.114300,148.354935,12.860236,63.431454,86.285378,121.769997,59.857994,74.420609
2017-12-27 14:30:00,120.792542,44.192383,148.373886,12.877814,63.626656,86.654877,122.230003,60.054531,74.436920
2017-12-28 14:30:00,121.056129,44.270451,148.553970,12.885349,63.587624,86.548180,122.849998,60.374786,74.436920
2017-12-29 14:30:00,120.607986,44.356346,147.634583,12.852697,63.689087,86.687737,123.650002,60.396610,74.420609
2018-01-02 14:30:00,121.460365,44.801388,150.222137,12.892884,63.509510,86.400383,125.150002,60.170956,74.428741
2018-01-03 14:30:00,122.163376,45.113708,151.681808,12.930561,63.564159,86.490669,124.820000,59.996304,74.445068
2018-01-04 14:30:00,122.629097,45.488483,151.947250,12.993356,63.532963,86.449631,125.459999,58.962749,74.453194
2018-01-05 14:30:00,123.349678,45.792988,153.473236,13.073734,63.447075,86.342850,125.330002,58.991890,74.453194
2018-01-08 14:30:00,123.630852,45.769554,154.070389,13.101362,63.454865,86.301788,125.309998,59.297577,74.461311
2018-01-09 14:30:00,123.859352,45.808598,154.079788,13.103873,63.267464,85.891235,124.730003,58.533348,74.461311
2018-01-10 14:30:00,123.665970,45.652447,153.719620,13.066199,63.275322,85.866592,125.029999,57.878262,74.461311
2018-01-11 14:30:00,124.711784,45.941334,154.771744,13.159135,63.275322,85.924065,125.440002,57.681767,74.453194
2018-01-12 14:30:00,125.441086,46.386383,155.909149,13.234488,63.267464,85.866592,126.959999,57.215942,74.477592
2018-01-16 14:30:00,124.887474,46.339531,155.463654,13.211883,63.314346,85.907669,127.169998,57.325111,74.461311
2018-01-17 14:30:00,126.038620,46.659657,157.141312,13.410313,63.244068,85.718788,126.139999,57.725407,74.477592
2018-01-18 14:30:00,125.818962,46.604992,157.169785,13.372634,63.119133,85.447823,125.860001,56.983040,74.477592
2018-01-19 14:30:00,126.469208,46.815804,157.662598,13.415333,62.986385,85.226151,126.419998,57.288723,74.485771
2018-01-22 14:30:00,127.470985,47.073467,159.349777,13.523343,62.939552,85.193291,126.650002,57.812771,74.493881
2018-01-23 14:30:00,127.787384,47.260857,160.667282,13.490687,63.103531,85.439598,127.279999,58.613388,74.493881
2018-01-24 14:30:00,127.664284,47.463871,159.624603,13.458032,63.033245,85.275368,128.830002,58.307716,74.502022
2018-01-25 14:30:00,127.716988,47.292091,159.567764,13.480639,63.205029,85.464218,127.970001,58.205818,74.502022
2018-01-26 14:30:00,129.052750,47.760555,162.013153,13.709209,63.087921,85.209671,128.070007,58.002003,74.518349
2018-01-29 14:30:00,128.209137,47.268661,161.226486,13.611251,63.002068,84.996178,127.349998,57.223209,74.502022
2018-01-30 14:30:00,126.873459,46.823620,159.899582,13.437940,62.884911,84.799110,126.800003,56.808350,74.510201
2018-01-31 14:30:00,126.917358,46.893890,160.563049,13.437940,62.900501,84.823776,127.650002,57.827324,74.518349
2018-02-01 14:30:00,126.864632,46.854855,159.198135,13.395241,62.726036,84.386200,128.070007,56.582699,74.515083
2018-02-02 14:30:00,124.166893,45.832020,156.022934,13.103873,62.538269,84.073654,126.389999,56.102348,74.523216
2018-02-05 14:30:00,119.281105,43.989365,149.871429,12.533701,62.812092,84.764557,126.709999,54.435581,74.515083
2018-02-06 14:30:00,121.231873,45.051235,153.842850,12.744692,62.608654,84.394432,125.379997,54.442856,74.523216
2018-02-07 14:30:00,120.695816,44.239216,151.852463,12.717062,62.467781,84.147690,124.790001,54.209942,74.531357
2018-02-08 14:30:00,116.354843,43.021191,145.445038,12.252388,62.420841,84.221733,124.980003,52.652332,74.523216
2018-02-09 14:30:00,117.954147,43.427223,147.956818,12.418161,62.264320,84.073654,124.769997,53.969753,74.539566
2018-02-12 14:30:00,119.527107,44.036224,150.582321,12.588962,62.280006,84.048996,125.370003,53.991577,74.539566
2018-02-13 14:30:00,119.904930,44.036224,151.359512,12.599010,62.334793,84.188820,126.080002,54.370049,74.539566
2018-02-14 14:30:00,121.583374,44.824814,154.193542,12.671851,62.131317,83.678886,128.229996,53.977036,74.539566
2018-02-15 14:30:00,123.068489,45.223011,157.055969,12.820045,62.193924,83.703545,128.380005,54.501060,74.547646
2018-02-16 14:30:00,123.121185,45.285469,156.354630,12.835115,62.326965,83.900963,127.959999,54.799480,74.555817
2018-02-20 14:30:00,122.383034,44.793583,156.667419,12.684409,62.264320,83.810501,126.239998,54.151691,74.555817
2018-02-21 14:30:00,121.811882,44.684273,156.221970,12.571380,62.029556,83.563713,125.660004,53.081764,74.547646
2018-02-22 14:30:00,121.890938,44.887276,156.202911,12.621615,62.107815,83.678886,126.300003,53.685871,74.555817
2018-02-23 14:30:00,123.780243,45.379173,159.397156,12.802464,62.272156,83.999634,126.139999,54.544750,74.572113
2018-02-26 14:30:00,125.080772,45.722710,161.510864,12.978289,62.303497,84.098343,126.449997,54.697586,74.555817
2018-02-27 14:30:00,123.507851,44.941933,159.510941,12.845162,62.170460,83.835152,125.129997,53.423862,74.572113
2018-02-28 14:30:00,122.145760,44.434425,158.487289,12.681898,62.248714,84.032547,125.000000,53.387459,74.580254
2018-03-01 14:30:00,120.695816,43.973763,155.899689,12.526169,62.354546,84.394165,124.720001,53.438419,74.587639
2018-03-02 14:30:00,121.477936,44.098686,157.330933,12.563844,62.236900,84.081123,125.389999,53.416569,74.595757
2018-03-05 14:30:00,122.848755,44.278259,159.074936,12.694458,62.197712,83.974045,125.180000,54.020695,74.595757
2018-03-06 14:30:00,123.296928,44.614002,159.747894,12.704507,62.221260,83.965820,126.529999,54.275452,74.595757
2018-03-07 14:30:00,123.402390,44.567158,160.117508,12.676875,62.205551,83.965820,125.720001,54.610222,74.595757
2018-03-08 14:30:00,123.868141,44.660835,160.999023,12.729620,62.276138,84.138779,125.419998,54.712143,74.587639
2018-03-09 14:30:00,125.924377,45.082474,164.126877,12.910469,62.197712,83.957573,125.540001,55.010571,74.603920
2018-03-12 13:30:00,125.854065,45.160549,164.998886,12.837627,62.260448,84.155289,125.540001,55.250751,74.612083
2018-03-13 13:30:00,125.071991,44.840431,162.752548,12.787394,62.276138,84.295303,125.779999,55.301685,74.612083
2018-03-14 13:30:00,124.439369,44.957539,162.724045,12.669337,62.409416,84.460068,125.699997,55.352654,74.612083
2018-03-15 13:30:00,124.272339,44.895081,162.581894,12.674359,62.417297,84.427132,124.900002,55.338093,74.603920
2018-03-16 13:30:00,124.483238,44.809193,162.098511,12.722840,62.362404,84.328293,124.599998,55.723846,74.620247
2018-03-19 13:30:00,122.883934,44.418804,158.639969,12.566299,62.315334,84.245819,124.870003,55.243484,74.620247
2018-03-20 13:30:00,123.068489,44.559341,159.162094,12.568825,62.236900,84.081123,124.309998,55.054234,74.612083
2018-03-21 13:30:00,122.963020,44.684273,158.469086,12.523373,62.236900,84.138779,126.480003,54.646641,74.628395
2018-03-22 13:30:00,119.950821,43.716110,154.557632,12.250690,62.338852,84.484772,125.980003,54.326393,74.636566
2018-03-23 13:30:00,117.436211,43.216393,150.484787,12.013350,62.354546,84.600136,127.610001,53.358341,74.644707
2018-03-26 13:30:00,120.533134,44.102516,156.076645,12.306236,62.315334,84.369461,128.279999,53.965393,74.636566
2018-03-27 13:30:00,118.397903,43.625011,151.026016,12.182519,62.527065,84.847237,127.489998,54.171173,74.652870
2018-03-28 13:30:00,118.124397,43.773754,149.288635,12.225442,62.519218,84.830742,125.730003,55.530785,74.661026
2018-03-29 13:30:00,119.747879,44.266891,152.022827,12.379453,62.676022,85.003723,125.790001,55.464664,74.677338
2018-04-02 13:30:00,117.021507,43.578053,147.636734,12.086571,62.668217,85.090393,127.260002,54.715004,74.673241
2018-04-03 13:30:00,118.477325,43.985104,149.298141,12.253212,62.597424,84.818069,126.300003,55.178017,74.665100
2018-04-04 13:30:00,119.809616,44.055546,151.652557,12.397132,62.597424,84.768593,126.449997,55.758602,74.681404
2018-04-05 13:30:00,120.647827,44.345181,152.516510,12.460255,62.510975,84.554024,125.800003,55.736572,74.689583
2018-04-06 13:30:00,118.115593,43.883347,148.700073,12.210289,62.668217,84.925385,126.389999,55.317661,74.689583
2018-04-09 13:30:00,118.512634,44.212097,149.744354,12.212815,62.731083,84.941841,126.820000,55.141262,74.697731
2018-04-10 13:30:00,120.436043,44.736580,153.048172,12.394608,62.621037,84.793343,127.120003,55.082485,74.689583
2018-04-11 13:30:00,119.880219,44.603516,152.165207,12.354207,62.668217,84.875862,128.110001,55.200073,74.705917
2018-04-12 13:30:00,120.850777,44.728741,153.997482,12.422379,62.550274,84.570564,126.620003,54.582733,74.705917
2018-04-13 13:30:00,120.506653,44.658295,153.200012,12.407229,62.597424,84.644783,127.449997,54.869350,74.705917
2018-04-16 13:30:00,121.512482,44.744408,154.367783,12.533476,62.605305,84.603546,127.629997,55.207413,74.722237
2018-04-17 13:30:00,122.791840,44.940117,157.690567,12.609221,62.628902,84.653046,127.750000,55.854149,74.722237
2018-04-18 13:30:00,122.959465,45.198425,158.013336,12.566299,62.424534,84.322960,127.849998,55.736572,74.714088
2018-04-19 13:30:00,122.288940,45.002724,156.560806,12.404706,62.275108,84.091942,127.599998,54.928143,74.730400
2018-04-20 13:30:00,121.318420,44.720924,154.082977,12.283512,62.117901,83.811386,126.629997,54.421055,74.730400
2018-04-23 13:30:00,121.274284,44.587852,153.693710,12.291088,62.086437,83.728851,125.620003,54.376949,74.730400
2018-04-24 13:30:00,119.818474,44.399979,150.437363,12.172416,61.976414,83.629837,126.230003,54.582733,74.738579
2018-04-25 13:30:00,119.950821,44.259083,150.617752,12.235540,61.889938,83.448311,125.410004,54.479843,74.746765
2018-04-26 13:30:00,121.088982,44.580032,153.788681,12.336534,62.015751,83.687622,124.970001,55.192722,74.754936
2018-04-27 13:30:00,121.168358,44.689602,153.883652,12.356733,62.110050,83.827866,125.500000,56.140762,74.763092
2018-04-30 13:30:00,120.286072,44.470428,152.791809,12.240589,62.141499,83.918671,124.589996,55.920277,74.754936
2018-05-01 13:30:00,120.471359,44.368668,154.538681,12.174946,62.045372,83.787216,123.709999,56.427395,74.760628
2018-05-02 13:30:00,119.774338,44.251240,153.627304,12.051227,62.053215,83.803734,123.650002,56.221596,74.768806
2018-05-03 13:30:00,119.447876,44.345181,153.608261,12.020925,62.108440,84.018707,124.279999,56.184872,74.768806
2018-05-04 13:30:00,120.991913,44.478264,156.522827,12.179989,62.147797,84.026993,124.540001,56.802193,74.785164
2018-05-07 13:30:00,121.521301,44.407806,157.823471,12.164842,62.116306,83.985603,124.570000,57.184364,74.785164
2018-05-08 13:30:00,121.565430,44.525230,157.662109,12.164842,62.069019,83.845062,124.589996,56.897739,74.793365
2018-05-09 13:30:00,122.712425,44.572182,159.380478,12.245640,61.998116,83.654922,124.330002,57.279907,74.793365
2018-05-10 13:30:00,123.780052,45.034046,161.032333,12.369358,62.124165,83.828560,125.180000,57.728203,74.793365
2018-05-11 13:30:00,124.027115,45.088840,160.880478,12.422379,62.187214,83.836823,125.000000,57.529766,74.793365
2018-05-14 13:30:00,124.088882,45.135807,161.155807,12.472878,62.108440,83.654922,124.489998,57.037376,74.793365
2018-05-15 13:30:00,123.338898,44.713108,159.370926,12.397132,61.816887,83.191956,122.480003,56.111359,74.809677
2018-05-16 13:30:00,123.938866,44.932285,160.424744,12.485503,61.769642,83.018394,122.290001,55.942345,74.817848
2018-05-17 13:30:00,123.974121,44.830509,159.807648,12.508224,61.714458,82.968788,122.360001,55.663067,74.817848
2018-05-18 13:30:00,123.700600,44.634819,158.981720,12.470353,61.879940,83.291214,122.410004,55.736572,74.826042
2018-05-21 13:30:00,124.627029,44.932285,159.874084,12.586494,61.879940,83.349075,122.480003,56.398003,74.826042
2018-05-22 13:30:00,124.168213,44.916622,159.665253,12.523373,61.895660,83.315956,122.410004,56.478840,74.826042
2018-05-23 13:30:00,124.494720,44.533058,161.013382,12.548624,62.084782,83.696266,122.540001,57.044716,74.834229
2018-05-24 13:30:00,124.291779,44.376495,160.965881,12.533476,62.210842,83.911232,123.589996,56.927147,74.850578
2018-05-25 13:30:00,124.053566,44.212097,161.127274,12.523373,62.344776,84.241898,123.209999,57.125584,74.858765
2018-05-29 13:30:00,122.827141,43.343204,160.415253,12.427431,62.778145,85.151314,123.190002,57.397480,74.858765
2018-05-30 13:30:00,124.415298,43.906818,161.563995,12.604170,62.589012,84.787521,123.370003,58.176506,74.850578
2018-05-31 13:30:00,123.559471,43.742439,161.459579,12.460255,62.565392,84.746201,123.099998,57.978062,74.866905
2018-06-01 13:30:00,124.847649,44.141666,163.994385,12.578924,62.604172,84.433105,122.489998,58.235310,74.871819
2018-06-04 13:30:00,125.429955,44.306046,165.475418,12.644567,62.469597,84.134888,122.370003,58.742401,74.880020
2018-06-05 13:30:00,125.615273,44.212097,165.988113,12.674868,62.524998,84.350243,122.849998,58.588074,74.880020
2018-06-06 13:30:00,126.727028,44.666126,166.956451,12.753140,62.350845,84.010574,122.919998,58.727699,74.871819
2018-06-07 13:30:00,126.541641,44.313877,165.598816,12.788486,62.509190,84.366783,122.860001,58.727699,74.880020
2018-06-08 13:30:00,126.974037,44.376495,165.608337,12.846560,62.430050,84.250809,123.010002,58.940830,74.896423
2018-06-11 13:30:00,127.159317,44.572182,166.054520,12.871808,62.374615,84.167984,123.230003,58.852627,74.904564
2018-06-12 13:30:00,127.423965,44.384323,166.928009,12.879385,62.366703,84.118317,122.820000,59.205391,74.904564
2018-06-13 13:30:00,126.947540,44.353012,166.918457,12.811213,62.327080,84.018929,123.190002,58.051571,74.896423
2018-06-14 13:30:00,127.309296,44.188618,168.608368,12.811213,62.461685,84.284004,123.379997,58.602757,74.920944
2018-06-15 13:30:00,127.185814,43.891163,168.019699,12.856660,62.469597,84.350243,121.339996,58.566017,74.920944
2018-06-18 13:30:00,127.044601,43.546741,167.922684,12.745566,62.469597,84.391655,121.110001,58.582352,74.912773
2018-06-19 13:30:00,126.621094,43.092724,167.447021,12.712744,62.572533,84.615311,120.800003,58.522987,74.929146
2018-06-20 13:30:00,126.912254,43.217968,168.636215,12.710217,62.430050,84.341942,120.260002,59.175732,74.920944
2018-06-21 13:30:00,126.038750,42.818745,167.171097,12.652142,62.461685,84.565613,120.050003,59.457596,74.929146
2018-06-22 13:30:00,126.218628,43.272190,166.800049,12.710217,62.501251,84.582199,120.339996,59.924850,74.937317
2018-06-25 13:30:00,124.446526,42.678665,163.041962,12.614273,62.493340,84.698135,119.889999,59.769108,74.953720
2018-06-26 13:30:00,124.730087,42.734066,163.707977,12.585251,62.596252,84.739571,119.260002,59.961952,74.945526
2018-06-27 13:30:00,123.569313,42.203838,161.481689,12.493612,62.746624,85.062614,118.580002,59.732021,74.961906
2018-06-28 13:30:00,124.340218,42.417511,162.870728,12.541976,62.699150,84.979767,118.220001,60.266079,74.961906
2018-06-29 13:30:00,124.428841,42.813198,163.308380,12.547069,62.683311,84.913536,118.650002,60.414410,74.978287
2018-07-02 13:30:00,124.730087,42.362118,164.402496,12.526704,62.644440,84.855415,117.459999,60.080620,74.967636
2018-07-03 13:30:00,124.411079,42.457073,162.499664,12.503791,62.771385,85.071190,118.650002,60.533092,74.984009
2018-07-05 13:30:00,125.465500,42.734066,164.516632,12.636162,62.858662,85.079491,119.050003,61.252590,74.984009
2018-07-06 13:30:00,126.519928,42.963566,167.075943,12.689617,62.930061,85.154205,118.860001,61.578960,75.000427
2018-07-09 13:30:00,127.671822,43.422558,168.579147,12.768531,62.874527,84.938416,119.150002,61.089397,75.000427
2018-07-10 13:30:00,127.999611,43.422558,168.702850,12.872899,62.834850,84.872040,118.930000,61.215504,75.008652
2018-07-11 13:30:00,127.086967,42.710323,167.846527,12.758351,62.866566,85.046257,117.639999,61.015236,75.008652
2018-07-12 13:30:00,128.132507,43.074352,170.738815,12.821992,62.914181,85.013138,118.129997,61.200668,75.008652
2018-07-13 13:30:00,128.212234,43.208885,170.881546,12.875448,62.969700,85.154205,117.610001,61.015236,75.016815
2018-07-16 13:30:00,128.008484,43.121834,170.472427,12.839808,62.882454,85.013138,117.550003,60.688850,75.025002
2018-07-17 13:30:00,128.593262,43.264282,171.509476,12.877986,62.858662,84.963326,116.279999,60.288345,75.025002
2018-07-18 13:30:00,128.876801,43.256374,171.185989,12.890720,62.826923,84.896919,116.309998,60.021305,75.033234
2018-07-19 13:30:00,128.566650,43.034790,170.329727,12.898354,62.945919,85.129311,115.809998,60.725971,75.041412
2018-07-20 13:30:00,128.336334,43.367165,170.291702,12.880537,62.803127,84.830544,116.559998,60.139988,75.049629
2018-07-23 13:30:00,128.540100,43.224720,170.833969,12.872899,62.604790,84.415596,116.000000,60.013889,75.041412
2018-07-24 13:30:00,128.823624,43.549179,171.537979,12.913630,62.699951,84.473701,116.040001,59.709778,75.057808
2018-07-25 13:30:00,129.922348,44.000248,173.935577,12.989998,62.699951,84.415596,116.680000,60.184483,75.049629
2018-07-26 13:30:00,129.709702,43.770760,171.300186,13.068907,62.699951,84.324287,115.769997,60.384762,75.057808
2018-07-27 13:30:00,128.673004,43.834068,168.988235,13.007812,62.684097,84.457062,115.830002,59.739437,75.074196
2018-07-30 13:30:00,127.831284,43.857803,166.600281,13.000177,62.612713,84.349197,115.650002,59.776527,75.066002
2018-07-31 13:30:00,128.557846,43.905289,167.875107,13.117273,62.660297,84.465393,115.989998,60.777866,75.082413
2018-08-01 13:30:00,128.407227,43.707451,168.512543,13.007812,62.626114,84.265854,115.139999,61.208084,75.086540
2018-08-02 13:30:00,129.169174,43.375076,170.805405,13.068907,62.657921,84.365608,114.519997,60.963318,75.094719
2018-08-03 13:30:00,129.603363,43.477955,171.328720,13.165638,62.793118,84.581795,114.919998,61.623451,75.094719
2018-08-06 13:30:00,130.188141,43.288033,172.337189,13.186004,62.848770,84.623375,114.330002,61.541862,75.102936
2018-08-07 13:30:00,130.613464,43.533356,172.965103,13.229277,62.737495,84.448776,114.589996,61.430614,75.111130
2018-08-08 13:30:00,130.489410,43.541260,173.174377,13.219096,62.721569,84.523605,114.910004,61.074574,75.102936
2018-08-09 13:30:00,130.400787,43.422558,173.069778,13.186004,62.840775,84.756424,114.739998,61.104256,75.111130
2018-08-10 13:30:00,129.585663,42.599529,171.747330,13.102000,62.968052,85.122307,114.690002,60.636955,75.127579
2018-08-13 13:30:00,129.089447,42.275066,171.557053,13.045999,62.976009,85.097305,112.959999,60.518265,75.135757
2018-08-14 13:30:00,129.940048,42.354214,172.632111,13.122363,62.936283,85.014191,113.070000,60.814980,75.119347
2018-08-15 13:30:00,128.912247,41.665710,170.520004,13.104548,63.007812,85.222061,111.190002,61.282261,75.135757
2018-08-16 13:30:00,129.922348,41.911034,171.081345,13.257280,63.039616,85.197098,111.099998,61.779224,75.135757
2018-08-17 13:30:00,130.400787,42.188019,171.119385,13.328556,63.111229,85.230362,112.129997,62.350346,75.143974
2018-08-20 13:30:00,130.648895,42.377945,170.967133,13.361651,63.190777,85.496498,112.690002,62.394863,75.143974
2018-08-21 13:30:00,131.136230,42.686584,171.595123,13.389647,63.158928,85.380043,113.019997,62.016575,75.152214
2018-08-22 13:30:00,131.180511,42.908169,172.261108,13.343830,63.198715,85.538048,113.269997,61.667973,75.152214
2018-08-23 13:30:00,130.923584,42.504555,172.013733,13.333646,63.198715,85.529678,112.199997,61.512199,75.176811
2018-08-24 13:30:00,131.738770,42.900249,173.612076,13.379464,63.230492,85.554672,114.160004,61.875645,75.176811
2018-08-27 13:30:00,132.686844,43.462132,175.381729,13.448199,63.150986,85.363411,114.589996,61.653122,75.185013
2018-08-28 13:30:00,132.766602,43.382984,175.638596,13.450739,63.055569,85.172165,113.680000,62.483868,75.185013
2018-08-29 13:30:00,133.466583,43.580822,177.665024,13.473653,63.015781,85.147240,114.199997,62.498699,75.176811
2018-08-30 13:30:00,132.917221,43.034790,177.351059,13.402378,63.063496,85.305237,113.639999,62.098171,75.209679
2018-08-31 13:30:00,132.970383,42.852764,177.579407,13.417649,63.079407,85.321854,113.510002,62.342934,75.201454
2018-09-04 13:30:00,132.784317,42.338367,176.818283,13.412560,62.982143,85.126862,112.930000,61.601196,75.208023
2018-09-05 13:30:00,132.350174,41.950603,174.534973,13.514382,62.998093,85.118546,113.320000,61.957241,75.199806
2018-09-06 13:30:00,131.951416,41.863556,172.974609,13.516930,63.093769,85.293556,113.540001,62.135239,75.216278
2018-09-07 13:30:00,131.650177,41.562836,172.308670,13.481289,62.894489,84.910240,113.230003,61.460270,75.232689
2018-09-10 13:30:00,131.933685,41.610317,172.888992,13.532199,62.934315,84.960243,113.150002,61.734726,75.232689
2018-09-11 13:30:00,132.376709,41.673626,174.220963,13.511834,62.798794,84.651947,113.220001,61.727283,75.240936
2018-09-12 13:30:00,132.385559,41.831905,173.707214,13.542383,62.846664,84.751930,114.169998,61.756962,75.240936
2018-09-13 13:30:00,133.050156,42.203838,175.562439,13.593294,62.886528,84.743591,113.760002,62.061066,75.240936
2018-09-14 13:30:00,133.156464,42.195930,175.048691,13.608565,62.782879,84.585327,113.019997,61.667973,75.249130
2018-09-17 13:30:00,132.314682,42.164288,172.527466,13.598385,62.774914,84.601967,113.610001,61.868229,75.265579
2018-09-18 13:30:00,133.023560,42.591614,173.954590,13.667111,62.631435,84.252060,113.440002,61.571548,75.265579
2018-09-19 13:30:00,133.041275,42.836937,173.821411,13.654386,62.535786,84.110367,113.879997,60.852043,75.265579
2018-09-20 13:30:00,134.069122,43.280117,175.743225,13.756207,62.615448,84.118729,114.269997,61.423187,75.282059
2018-09-21 13:30:00,133.936188,43.303852,174.782303,13.784208,62.655342,84.152031,113.489998,61.400951,75.282059
2018-09-24 13:30:00,133.448868,43.034790,175.268402,13.672205,62.575645,84.060387,113.470001,60.298298,75.290230
2018-09-25 13:30:00,133.377975,43.280117,175.506699,13.584291,62.527821,83.977097,113.650002,60.305824,75.290230
2018-09-26 13:30:00,132.864059,43.302372,175.630569,13.566348,62.687214,84.252060,113.050003,59.583817,75.290230
2018-09-27 13:30:00,133.174164,43.254658,177.117416,13.561224,62.735031,84.252060,112.050003,59.869591,75.306717
2018-09-28 13:30:00,133.231125,42.944508,177.079300,13.584291,62.735031,84.293686,112.760002,60.681892,75.306717
2018-10-01 13:30:00,133.435928,43.016075,177.441452,13.622739,62.617592,84.079979,112.570000,60.117809,75.311676
2018-10-02 13:30:00,133.240067,42.753651,177.041153,13.663749,62.729424,84.297028,113.870003,59.982418,75.319893
2018-10-03 13:30:00,133.418121,42.594593,177.231842,13.656057,62.409847,83.670868,113.419998,59.343102,75.319893
2018-10-04 13:30:00,132.287476,42.006081,173.829132,13.589416,62.250042,83.453850,113.480003,58.846699,75.336349
2018-10-05 13:30:00,131.432739,41.783401,171.703781,13.504838,62.138191,83.253456,113.800003,58.816593,75.344604
2018-10-08 13:30:00,131.334824,41.624359,170.655273,13.571473,62.114212,83.286858,112.540001,59.666531,75.344604
2018-10-09 13:30:00,131.103333,41.481205,171.208130,13.522779,62.234089,83.445435,112.599998,59.749264,75.336349
2018-10-10 13:30:00,126.927948,40.479176,163.678543,13.184451,62.186131,83.487198,112.879997,58.861748,75.352821
2018-10-11 13:30:00,124.221474,39.938393,161.648407,12.848691,62.361908,83.829514,115.779999,57.176964,75.361069
2018-10-12 13:30:00,125.859596,40.312172,166.147064,12.943521,62.345909,83.729317,115.230003,57.026539,75.361069
2018-10-15 13:30:00,125.298729,40.145161,164.136017,12.928146,62.329967,83.779427,116.000000,57.410122,75.369293
2018-10-16 13:30:00,128.058609,40.916565,168.911118,13.133191,62.377888,83.771065,115.800003,58.590981,75.377525
2018-10-17 13:30:00,128.022964,40.574612,168.977814,13.069115,62.266060,83.528976,115.790001,58.365326,75.377525
2018-10-18 13:30:00,126.171196,39.898624,165.060486,12.928146,62.226093,83.679199,115.919998,58.252495,75.377525
2018-10-19 13:30:00,125.841789,40.129257,164.907990,12.958901,62.194145,83.579033,116.010002,58.756458,75.385788
2018-10-22 13:30:00,125.343201,40.065632,165.756317,12.920456,62.170170,83.595726,115.709999,57.936626,75.402275
2018-10-23 13:30:00,124.604279,39.644135,165.146286,12.866629,62.258057,83.812790,116.389999,58.192356,75.402275
2018-10-24 13:30:00,120.731544,38.538715,157.588120,12.571877,62.425838,84.263641,116.660004,58.741383,75.410461
2018-10-25 13:30:00,123.001801,39.031773,163.039902,12.702596,62.353897,84.063248,116.400002,59.493519,75.418709
2018-10-26 13:30:00,120.873962,38.705727,158.846207,12.551372,62.465755,84.438957,116.769997,58.064487,75.426956
2018-10-29 13:30:00,120.206314,38.483044,155.576950,12.584692,62.409847,84.430588,116.309998,58.801571,75.426956
2018-10-30 13:30:00,122.084793,38.944302,158.140900,12.833311,62.321999,84.246941,115.800003,59.606354,75.426956
2018-10-31 13:30:00,123.357895,39.270363,161.858078,12.782052,62.194145,84.038239,115.150002,58.906879,75.435165
2018-11-01 13:30:00,124.755638,39.986103,163.993011,12.930707,62.309452,84.110153,116.629997,59.185158,75.451714
2018-11-02 13:30:00,124.248192,40.208786,161.438705,12.889694,62.077164,83.641678,116.650002,58.696270,75.451714
2018-11-05 14:30:00,124.853561,40.216732,161.038422,13.035797,62.125229,83.691841,116.370003,59.568733,75.459930
2018-11-06 14:30:00,125.565773,40.304211,162.258331,13.122943,62.117191,83.599815,116.040001,59.869591,75.459930
2018-11-07 14:30:00,128.129822,40.845001,167.348022,13.286977,62.173302,83.599815,116.029999,60.584129,75.468178
2018-11-08 14:30:00,127.880569,40.383743,166.280518,13.281850,62.069149,83.482697,115.779999,60.629253,75.476456
2018-11-09 14:30:00,126.571823,39.962242,163.478363,13.204955,62.221355,83.809006,114.480003,60.621727,75.492920
2018-11-12 14:30:00,124.141365,39.326027,158.531662,13.022982,62.317478,84.059975,113.660004,60.742065,75.484695
2018-11-13 14:30:00,123.963280,39.532799,158.665131,13.012723,62.285435,84.126961,113.699997,60.681892,75.492920
2018-11-14 14:30:00,123.055206,39.652100,157.454651,12.951212,62.333485,84.302620,114.639999,60.531471,75.484695
2018-11-15 14:30:00,124.444046,39.938393,160.209137,13.043481,62.341496,84.361153,114.769997,60.117809,75.509460
2018-11-16 14:30:00,124.711136,39.938393,159.646790,13.079366,62.477699,84.620537,115.620003,60.764618,75.517693
2018-11-19 14:30:00,122.547707,39.596420,154.461884,12.969155,62.477699,84.746025,115.669998,60.847378,75.509460
2018-11-20 14:30:00,120.366554,38.793198,151.697800,12.707719,62.437611,84.729317,115.669998,60.223095,75.525963
2018-11-21 14:30:00,120.954117,39.389648,152.851089,12.723100,62.501675,84.712532,115.860001,60.275764,75.542465
2018-11-23 14:30:00,120.304207,39.143120,151.745499,12.664148,62.493698,84.762779,115.769997,60.155415,75.542465
2018-11-26 14:30:00,122.173828,39.660042,155.252930,12.799991,62.445660,84.695831,115.639999,60.268230,75.550713
2018-11-27 14:30:00,122.325157,39.564613,155.777191,12.894826,62.485706,84.779510,114.949997,60.523933,75.550713
2018-11-28 14:30:00,125.174049,40.248554,160.790573,13.097305,62.517719,84.771133,115.379997,61.065468,75.558922
2018-11-29 14:30:00,124.942589,40.049732,160.266342,13.071675,62.565807,84.988670,115.739998,61.080517,75.567192
2018-11-30 14:30:00,125.841789,39.930439,161.429153,13.212644,62.589790,85.155998,115.540001,61.659676,75.575455
2018-12-03 14:30:00,127.310760,40.503036,164.250320,13.276725,62.687767,85.342155,116.410004,61.990585,75.572952
2018-12-04 14:30:00,123.153107,39.516903,157.950256,12.923021,62.840351,85.736229,117.120003,61.073006,75.581245
2018-12-06 14:30:00,123.001801,39.190834,159.065430,12.874322,62.952774,85.954178,117.139999,62.584785,75.597733
2018-12-07 14:30:00,120.099464,38.681870,153.813797,12.620578,63.081219,86.205719,118.089996,61.764954,75.606033
2018-12-10 14:30:00,120.233009,38.347855,155.424530,12.641080,63.145485,86.256004,117.680000,61.366344,75.614288
2018-12-11 14:30:00,120.206314,38.475098,155.939194,12.661587,63.153538,86.038017,117.540001,61.396404,75.606033
2018-12-12 14:30:00,120.891785,39.079491,157.311676,12.673214,63.089249,85.803230,117.790001,60.448742,75.622528
2018-12-13 14:30:00,120.598022,39.023834,157.359360,12.691305,63.137428,85.853561,117.529999,60.798088,75.630821
2018-12-14 14:30:00,118.514740,38.483044,153.527832,12.525913,63.193634,85.987740,117.059998,60.623035,75.639099
2018-12-17 14:30:00,115.986328,38.156994,150.048935,12.262319,63.314083,86.239235,117.870003,58.339668,75.647346
2018-12-18 14:30:00,115.950722,38.204697,150.992523,12.244224,63.410458,86.451820,118.150002,58.940952,75.647346
2018-12-19 14:30:00,114.170166,37.767311,147.284958,12.058160,63.522907,86.754250,117.430000,58.294003,75.639084
2018-12-20 14:30:00,112.327263,37.719597,145.149918,11.897938,63.434551,86.645050,119.239998,57.418716,75.655632
2018-12-21 14:30:00,109.941284,37.139050,140.651230,11.760969,63.434551,86.720634,118.720001,56.619556,75.672173
2018-12-24 14:30:00,107.192963,36.750008,137.163391,11.430184,63.449017,86.939133,120.019997,54.602589,75.680450
2018-12-26 14:30:00,112.351128,37.650261,145.727737,11.921194,63.312210,86.527428,119.660004,56.429276,75.672173
2018-12-27 14:30:00,113.363060,37.658314,146.291687,12.065912,63.449017,86.745850,120.570000,56.421650,75.696968
2018-12-28 14:30:00,113.219780,37.867290,146.215210,12.037486,63.601986,87.216331,121.059998,56.604332,75.705269
2018-12-31 14:30:00,114.294395,37.955711,147.448227,12.138271,63.762955,87.544006,121.250000,56.756554,75.713570
2019-01-02 14:30:00,114.383949,37.883373,148.040863,12.138271,63.891769,87.728851,121.330002,55.523540,75.705269
2019-01-03 14:30:00,111.733208,37.457352,143.204300,11.900521,64.141342,88.426155,122.430000,55.911713,75.730118
2019-01-04 14:30:00,115.431686,38.679123,149.331238,12.228721,63.948143,87.712059,121.440002,56.566265,75.738403
2019-01-07 14:30:00,116.595871,38.799713,151.109085,12.311418,63.851482,87.468369,121.860001,57.121887,75.738403
2019-01-08 14:30:00,117.795837,39.081043,152.476013,12.427710,63.771034,87.249939,121.529999,58.301620,75.738403
2019-01-09 14:30:00,118.351089,39.603516,153.718552,12.438046,63.859592,87.300369,122.309998,58.217884,75.738403
2019-01-10 14:30:00,118.933167,39.732136,154.158203,12.492315,63.730770,87.258369,121.589996,59.009457,75.746651
2019-01-11 14:30:00,118.959991,39.474915,153.594299,12.507820,63.859592,87.518799,121.800003,59.176918,75.763237
2019-01-14 14:30:00,118.207779,39.306095,152.237015,12.450967,63.803234,87.468369,122.089996,58.979023,75.754951
2019-01-15 14:30:00,119.497322,39.555279,155.209702,12.474225,63.811253,87.384361,121.879997,59.542229,75.771523
2019-01-16 14:30:00,119.837616,39.716045,155.180984,12.430293,63.835423,87.333954,122.269997,59.960857,75.779770
2019-01-17 14:30:00,120.804764,39.892891,156.404480,12.518159,63.762955,87.174332,122.110001,60.250092,75.796356
2019-01-18 14:30:00,122.371902,40.214401,157.952942,12.724902,63.714645,86.897095,121.019997,60.455585,75.796356
2019-01-22 14:30:00,120.697311,39.603516,154.789108,12.554338,63.827339,87.199547,121.449997,60.272938,75.804649
2019-01-23 14:30:00,120.822685,39.844650,154.989838,12.603440,63.891769,87.157539,121.279999,60.280514,75.804649
2019-01-24 14:30:00,121.073425,39.989338,155.993439,12.642202,64.028603,87.434776,121.089996,60.486027,75.829468
2019-01-25 14:30:00,122.210709,40.431435,157.857315,12.688718,63.956200,87.233154,122.860001,61.239536,75.821167
2019-01-28 14:30:00,121.315231,40.214401,155.907425,12.616363,63.980312,87.258369,123.290001,61.840824,75.829468
2019-01-29 14:30:00,121.145081,40.294792,154.435471,12.631864,64.109108,87.510406,123.980003,62.327946,75.829468
2019-01-30 14:30:00,122.971916,40.777069,158.363953,12.750744,64.173508,87.712059,124.690002,62.830269,75.846031
2019-01-31 14:30:00,124.055450,40.865490,160.734482,12.872202,64.471405,88.115311,124.750000,63.484821,75.846031
2019-02-01 14:30:00,124.234558,40.801182,160.055786,12.903213,64.292221,87.643852,124.500000,63.081451,75.853470
2019-02-04 14:30:00,125.121147,40.937828,162.043961,12.978157,64.235710,87.450165,123.959999,63.553352,75.861794
2019-02-05 14:30:00,125.640541,41.299545,163.477722,13.011753,64.372902,87.601761,124.279999,63.918652,75.861794
2019-02-06 14:30:00,125.515152,41.010174,162.990234,13.058268,64.348709,87.669106,123.440002,63.500046,75.878372
2019-02-07 14:30:00,124.324089,40.471615,160.801346,12.967822,64.397110,87.955345,123.739998,64.025215,75.878372
2019-02-08 14:30:00,124.449554,40.318901,161.116760,12.967822,64.493935,88.073196,124.209999,64.025215,75.894958
2019-02-11 14:30:00,124.709190,40.238525,160.963837,12.993664,64.469765,87.938515,123.599998,64.200272,75.886658
2019-02-12 14:30:00,126.267410,40.664539,163.343903,13.179729,64.461662,87.820618,123.860001,63.796898,75.903244
2019-02-13 14:30:00,126.661438,40.608265,163.458633,13.254677,64.364838,87.601761,123.370003,64.124168,75.903244
2019-02-14 14:30:00,126.437576,40.624344,163.659271,13.213326,64.477806,88.014267,124.059998,64.329666,75.919830
2019-02-15 14:30:00,127.825615,41.034283,164.347549,13.365794,64.502022,87.930099,124.800003,64.763489,75.919830
2019-02-19 14:30:00,128.076324,41.251312,164.672531,13.417484,64.558502,88.081635,126.699997,64.748291,75.936432
2019-02-20 14:30:00,128.344971,41.444229,164.643845,13.414900,64.534332,88.064781,126.480003,64.344917,75.936432
2019-02-21 14:30:00,127.906197,41.315620,164.041641,13.365794,64.405174,87.803787,125.050003,64.405777,75.944717
2019-02-22 14:30:00,128.747971,41.572830,165.255554,13.461413,64.550438,88.064781,125.500000,64.786362,75.961304
2019-02-25 14:30:00,128.936020,41.757706,165.857742,13.461413,64.526245,87.930099,125.370003,64.276405,75.953011
2019-02-26 14:30:00,128.694275,41.902405,166.029800,13.430401,64.615036,88.191093,125.580002,64.078506,75.961304
2019-02-27 14:30:00,128.739014,41.701450,165.924622,13.396808,64.485870,87.879532,124.690002,63.758812,75.969566
2019-02-28 14:30:00,128.470398,41.532642,165.542328,13.394221,64.413254,87.652252,123.989998,63.926270,75.986198
2019-03-01 14:30:00,129.330032,41.645180,166.689316,13.448493,64.214241,87.364594,121.879997,63.728382,75.994514
2019-03-04 14:30:00,128.730072,41.596951,166.717987,13.396808,64.327515,87.634560,121.559998,64.017616,75.986206
2019-03-05 14:30:00,128.488297,41.677326,166.842285,13.365794,64.376068,87.685127,121.720001,64.192673,75.994514
2019-03-06 14:30:00,127.512138,41.540688,165.895996,13.314110,64.456955,87.929771,121.610001,63.895840,76.002792
2019-03-07 14:30:00,126.518135,40.986057,163.860031,13.223660,64.642960,88.224991,121.510002,63.758812,76.019432
2019-03-08 14:30:00,126.258423,40.897636,163.611526,13.184899,64.723869,88.351555,122.839996,63.827343,76.027748
2019-03-11 13:30:00,128.112137,41.379917,167.014343,13.370964,64.691490,88.284058,122.239998,64.763489,76.027748
2019-03-12 13:30:00,128.542007,41.444229,167.931961,13.389053,64.845200,88.528671,122.980003,65.060333,76.036057
2019-03-13 13:30:00,129.365906,41.701450,169.193619,13.474336,64.812790,88.494972,123.839996,65.380043,76.044350
2019-03-14 13:30:00,129.258377,41.637138,168.906845,13.435569,64.756210,88.368393,122.410004,65.478951,76.044350
2019-03-15 13:30:00,129.858383,42.063160,170.474472,13.507927,64.877533,88.646759,122.970001,65.273453,76.052658
2019-03-18 13:30:00,130.341995,42.304295,170.880493,13.575121,64.837097,88.528671,123.040001,64.946190,76.060982
2019-03-19 13:30:00,130.315094,42.344494,171.455032,13.559616,64.804749,88.469635,123.379997,64.748291,76.060982
2019-03-20 13:30:00,129.777802,42.352524,172.134933,13.474278,65.087822,89.085419,124.180000,64.946190,76.060982
2019-03-21 13:30:00,131.300217,42.360561,174.825684,13.622576,65.103973,89.043228,123.680000,66.103081,76.085907
2019-03-22 13:30:00,128.559937,41.452259,170.985825,13.427449,65.459915,89.701241,123.970001,65.623581,76.085907
2019-03-25 13:30:00,128.471741,41.489368,170.660263,13.398832,65.540794,89.928947,124.919998,65.707298,76.085907
2019-03-26 13:30:00,129.462051,41.731289,171.455032,13.552329,65.556961,89.853027,124.300003,66.232460,76.094215
2019-03-27 13:30:00,128.867813,41.602249,170.353760,13.500302,65.678307,90.114555,123.650002,66.042183,76.102539
2019-03-28 13:30:00,129.435043,41.626457,170.746399,13.528914,65.710640,90.122955,121.900002,66.683037,76.119171
2019-03-29 13:30:00,130.290390,41.852245,172.039108,13.601761,65.662132,89.979576,122.010002,66.621696,76.119171
2019-04-01 13:30:00,131.802994,42.392525,174.318207,13.757868,65.402634,89.360847,121.529999,66.583382,76.132477
2019-04-02 13:30:00,131.794006,42.432850,174.978943,13.716240,65.435089,89.512939,121.980003,67.050980,76.124138
2019-04-03 13:30:00,132.109116,42.698967,175.984329,13.739654,65.345871,89.234070,121.800003,66.974335,76.132477
2019-04-04 13:30:00,132.388214,42.739277,175.917389,13.815104,65.410759,89.327026,122.110001,66.867004,76.157471
2019-04-05 13:30:00,133.054474,42.852188,176.827057,13.867137,65.459366,89.369293,121.980003,67.334618,76.157471
2019-04-08 13:30:00,133.171555,42.844116,177.277115,13.916571,65.394554,89.225586,122.510002,66.959007,76.157471
2019-04-09 13:30:00,132.370224,42.707020,176.654694,13.796891,65.491814,89.386208,123.150002,66.606377,76.165787
2019-04-10 13:30:00,132.982422,42.836048,177.602722,13.815104,65.581032,89.597504,123.529999,67.219620,76.165787
2019-04-11 13:30:00,132.973419,42.690895,177.181366,13.856730,65.467499,89.394615,121.949997,67.173630,76.190742
2019-04-12 13:30:00,133.864822,43.013458,177.947449,13.945187,65.345871,88.980469,121.830002,67.495583,76.190742
2019-04-15 13:30:00,133.756790,42.973148,177.976166,13.958200,65.362083,89.098801,121.599998,67.150635,76.199066
2019-04-16 13:30:00,133.792831,43.134430,178.589005,14.067470,65.248558,88.794487,120.510002,65.632851,76.199066
2019-04-17 13:30:00,133.297592,43.182800,179.211441,14.106497,65.248558,88.811401,120.279999,65.034912,76.215729
2019-04-18 13:30:00,133.495682,43.150555,179.441254,14.103894,65.337776,89.022705,120.370003,65.533173,76.224075
2019-04-22 13:30:00,133.531723,43.069916,179.948792,14.109097,65.272911,88.895912,120.370003,64.812630,76.224075
2019-04-23 13:30:00,134.873215,43.174744,182.237396,14.205360,65.386414,89.056526,120.120003,65.671165,76.224075
2019-04-24 13:30:00,134.693161,42.763474,181.662857,14.192351,65.556694,89.394615,120.470001,66.154114,76.240700
2019-04-25 13:30:00,134.468079,42.690895,182.400238,13.976409,65.540504,89.284782,120.570000,66.016121,76.257339
2019-04-26 13:30:00,135.197357,42.916691,182.562958,13.981611,65.686440,89.521439,121.370003,66.537384,76.249046
2019-04-29 13:30:00,135.395370,43.021526,182.917297,13.958200,65.548615,89.335472,120.830002,65.885803,76.257339
2019-04-30 13:30:00,135.404404,43.013458,181.500061,14.038855,65.645882,89.512939,121.199997,66.514397,76.265709
2019-05-01 13:30:00,134.396027,42.787666,180.915939,13.916571,65.649979,89.472290,120.400002,66.568039,76.268997
2019-05-02 13:30:00,134.170914,42.723152,180.130753,13.932178,65.503632,89.218224,119.940002,66.637039,76.277374
2019-05-03 13:30:00,135.620468,43.158619,183.003433,14.046659,65.625565,89.336800,120.650002,67.204300,76.285713
2019-05-06 13:30:00,135.188324,42.634453,181.883087,13.960804,65.706848,89.565521,120.809998,66.989662,76.294037
2019-05-07 13:30:00,132.856369,41.908684,178.340057,13.729247,65.804390,89.870392,121.209999,65.778488,76.302399
2019-05-08 13:30:00,132.640320,41.949009,177.890030,13.700626,65.755600,89.701012,120.910004,65.709511,76.302399
2019-05-09 13:30:00,132.217148,41.610325,176.932373,13.630381,65.820648,89.938141,121.199997,65.878159,76.310730
2019-05-10 13:30:00,132.829361,41.916752,177.152634,13.703232,65.812515,89.878860,121.430000,66.583382,76.327423
2019-05-13 13:30:00,129.471085,40.868439,171.005005,13.411837,65.950699,90.327774,122.669998,66.514397,76.319077
2019-05-14 13:30:00,130.641556,41.279701,172.881821,13.505504,65.991333,90.243073,122.459999,66.759682,76.327423
2019-05-15 13:30:00,131.415833,41.408726,175.323669,13.575746,66.088882,90.531021,122.389999,67.211960,76.335762
2019-05-16 13:30:00,132.604309,41.602249,177.085587,13.614772,65.991333,90.353134,121.510002,67.480263,76.344109
2019-05-17 13:30:00,131.667923,41.255497,175.275772,13.539321,66.007584,90.395485,120.650002,67.349915,76.352417
2019-05-20 13:30:00,130.731583,41.094219,172.316849,13.463875,65.926308,90.243073,120.639999,66.376404,76.360779
2019-05-21 13:30:00,132.010071,41.368401,174.117065,13.562738,65.893822,90.141396,120.360001,66.943672,76.360779
2019-05-22 13:30:00,131.532852,41.231319,173.341446,13.510702,66.015747,90.412415,120.239998,67.142944,76.377449
2019-05-23 13:30:00,129.858215,40.811981,170.688965,13.380618,66.251465,90.962959,121.169998,67.296288,76.394165
2019-05-24 13:30:00,130.173370,41.142612,170.602798,13.372814,66.251465,90.937561,121.300003,67.503250,76.394165
2019-05-28 13:30:00,129.029892,40.884567,169.961227,13.164677,66.389626,91.335632,120.830002,66.836357,76.402473
2019-05-29 13:30:00,128.147552,40.747471,168.563095,13.133454,66.373383,91.301697,120.870003,65.947144,76.402473
2019-05-30 13:30:00,128.399673,40.892620,169.271729,13.162070,66.552162,91.632088,121.690002,66.223091,76.427521
2019-05-31 13:30:00,126.670967,40.682961,166.571335,12.972146,66.844788,92.241867,123.330002,66.606377,76.427521
2019-06-03 13:30:00,126.418861,40.932938,162.903839,13.123048,67.034584,92.685646,125.110001,66.767342,76.424179
2019-06-04 13:30:00,129.254990,41.336147,167.490646,13.391023,66.920555,92.346275,125.150002,66.468399,76.440872
2019-06-05 13:30:00,130.245377,41.239380,168.735458,13.443057,66.920555,92.346275,125.470001,67.855858,76.440872
2019-06-06 13:30:00,130.974670,41.336147,170.076126,13.541924,66.904282,92.329262,125.879997,67.986176,76.465950
2019-06-07 13:30:00,132.163116,41.811916,173.360596,13.630381,67.083466,92.694176,126.589996,68.239136,76.457603
2019-06-10 13:30:00,132.901398,41.981270,175.381119,13.682413,66.944992,92.235886,125.330002,68.016853,76.474319
2019-06-11 13:30:00,132.775345,42.255451,175.620483,13.711034,66.896133,92.235886,125.180000,68.200813,76.465950
2019-06-12 13:30:00,132.595337,41.884491,174.605453,13.672009,67.010193,92.473549,125.830002,68.430779,76.474319
2019-06-13 13:30:00,133.207550,41.932880,175.639648,13.763071,67.124245,92.702652,126.599998,68.722076,76.499382
2019-06-14 13:30:00,132.919464,41.594200,174.892700,13.716240,67.132370,92.770569,126.559998,68.760399,76.507774
2019-06-17 13:30:00,133.016144,41.634518,175.946136,13.679814,67.132370,92.753571,126.480003,69.496323,76.507774
2019-06-18 13:30:00,134.471100,42.295761,178.502853,13.804699,67.287140,92.931801,127.120003,69.427338,76.507774
2019-06-19 13:30:00,134.932007,42.577999,179.173141,13.833317,67.515289,93.186363,127.889999,69.802910,76.524498
2019-06-20 13:30:00,136.170029,43.029583,180.839325,13.971207,67.621216,93.339096,131.110001,70.155556,76.532829
2019-06-21 13:30:00,136.188126,42.859097,180.571228,13.955593,67.433846,92.957230,131.979996,69.166687,76.532829
2019-06-24 13:30:00,135.429001,42.899883,180.576950,13.906164,67.556030,93.279755,133.940002,68.929054,76.541176
2019-06-25 13:30:00,134.145782,42.598061,177.477127,13.828114,67.580467,93.423965,134.199997,67.909515,76.541176
2019-06-26 13:30:00,133.892700,42.728580,178.302460,13.828375,67.425705,93.042091,132.970001,66.552711,76.557907
2019-06-27 13:30:00,134.696976,42.867260,178.983841,13.865090,67.621216,93.322136,132.839996,67.409447,76.557907
2019-06-28 13:30:00,135.636871,43.030403,179.214188,13.917540,67.678238,93.364571,133.199997,67.641632,76.566254
2019-07-01 13:30:00,136.594788,43.283279,181.632629,14.032927,67.673370,93.247246,130.619995,67.610687,76.562073
2019-07-02 13:30:00,136.911072,43.438278,182.352402,14.027683,67.804001,93.578812,133.410004,68.787056,76.570435
2019-07-03 13:30:00,137.941330,43.593277,183.724792,14.137828,67.926498,93.757332,133.630005,69.607445,76.595566
2019-07-05 13:30:00,137.859940,43.307762,183.350464,14.095870,67.608032,93.162254,132.139999,69.359764,76.587181
2019-07-08 13:30:00,137.118927,43.038567,182.064499,14.040795,67.599838,93.068726,131.289993,69.607445,76.587181
2019-07-09 13:30:00,137.362991,42.875416,182.976242,13.980480,67.509972,93.009224,131.750000,69.839622,76.595566
2019-07-10 13:30:00,137.923203,43.071182,184.799652,14.019812,67.567162,93.060280,133.830002,70.242043,76.603928
2019-07-11 13:30:00,138.113037,43.095673,184.665283,14.061775,67.346710,92.601196,132.699997,69.328796,76.620697
2019-07-12 13:30:00,138.817871,43.128288,185.730591,14.179788,67.403847,92.703194,133.529999,69.235939,76.629066
2019-07-15 13:30:00,138.727524,43.201710,186.325562,14.200768,67.501846,92.898735,133.529999,69.181778,76.629066
2019-07-16 13:30:00,138.375122,43.063046,185.365829,14.192905,67.412018,92.694702,132.399994,69.019249,76.637421
2019-07-17 13:30:00,137.462357,42.981457,184.454132,14.080132,67.616188,93.128242,134.580002,68.787056,76.637421
2019-07-18 13:30:00,137.968445,43.120144,184.665283,14.127337,67.738678,93.357742,136.479996,68.787056,76.662582
2019-07-19 13:30:00,137.182190,42.981457,183.312119,14.095870,67.665176,93.187752,134.470001,67.664856,76.662582
2019-07-22 13:30:00,137.507523,43.046715,184.770859,14.087999,67.738678,93.230263,134.449997,67.602959,76.662582
2019-07-23 13:30:00,138.429260,43.234341,185.980057,14.240107,67.681480,93.077240,133.690002,68.369156,76.654167
2019-07-24 13:30:00,139.278793,43.234341,187.285278,14.381715,67.746826,93.213280,134.369995,68.423302,76.670921
2019-07-25 13:30:00,138.537766,42.834625,185.509811,14.365989,67.673370,93.051735,133.419998,68.020859,76.687653
2019-07-26 13:30:00,139.540878,42.948830,187.419617,14.434172,67.673370,93.034767,133.639999,68.330437,76.679283
2019-07-29 13:30:00,139.206482,42.965145,186.776611,14.428921,67.714180,93.119766,134.529999,68.516182,76.696045
2019-07-30 13:30:00,139.070938,42.500168,185.970505,14.373855,67.697792,93.162254,134.979996,69.065689,76.696045
2019-07-31 13:30:00,137.552750,42.173866,183.398483,14.148321,67.779503,93.400269,133.210007,68.794792,76.704399
2019-08-01 13:30:00,136.278519,41.863888,182.486786,13.946385,68.264900,94.459663,136.410004,68.794792,76.725388
2019-08-02 13:30:00,135.175995,41.553913,179.799606,13.872958,68.330368,94.655525,135.889999,69.127586,76.725388
2019-08-05 13:30:00,131.163544,40.420029,173.446381,13.482207,68.625008,95.473076,137.789993,67.765472,76.716980
2019-08-06 13:30:00,132.871506,40.762638,175.874451,13.597595,68.796906,95.626335,138.910004,68.516182,76.725388
2019-08-07 13:30:00,133.016144,40.942101,176.824585,13.639553,68.796906,95.626335,141.020004,69.181778,76.742157
2019-08-08 13:30:00,135.546478,41.415234,180.672897,13.875579,68.854210,95.634872,141.729996,70.396835,76.750526
2019-08-09 13:30:00,134.579514,41.097103,178.974243,13.715609,68.731461,95.490089,141.259995,70.311722,76.742157
2019-08-12 13:30:00,132.916748,40.697376,176.920547,13.571373,69.034294,96.094749,142.630005,70.125961,76.758926
2019-08-13 13:30:00,134.814514,41.146042,180.797699,13.757570,68.927902,95.754112,141.779999,70.226562,76.767311
2019-08-14 13:30:00,130.919540,39.987698,175.394638,13.408777,69.173431,96.392792,142.750000,69.158546,76.758926
2019-08-15 13:30:00,131.163544,40.134521,175.193115,13.437623,69.509033,97.005959,143.699997,69.847343,76.792488
2019-08-16 13:30:00,133.151703,40.640278,178.004990,13.673650,69.435356,96.750465,142.779999,70.567101,76.784111
2019-08-19 13:30:00,134.733124,40.836063,180.836075,13.851976,69.214371,96.290596,141.110001,71.077888,76.784111
2019-08-20 13:30:00,133.702988,40.754486,179.434952,13.768057,69.394470,96.716431,142.210007,70.574852,76.792488
2019-08-21 13:30:00,134.832596,41.064465,181.028000,13.891317,69.361702,96.460922,141.759995,70.868950,76.784111
2019-08-22 13:30:00,134.715103,40.909477,180.442581,13.933271,69.230721,96.248009,141.399994,71.193993,76.809250
2019-08-23 13:30:00,131.317154,40.354771,174.732407,13.560883,69.484467,96.895233,144.169998,70.195610,76.800850
2019-08-26 13:30:00,132.645554,40.664753,177.371567,13.692005,69.443527,96.801590,144.190002,70.737373,76.809250
2019-08-27 13:30:00,132.031113,40.623966,176.997299,13.650045,69.680931,97.218864,145.570007,70.536156,76.817642
2019-08-28 13:30:00,132.970963,40.705544,177.630692,13.794281,69.705467,97.252960,145.160004,70.768326,76.809250
2019-08-29 13:30:00,134.733124,41.039989,180.346649,13.933271,69.664558,97.065582,144.119995,71.317802,76.826012
2019-08-30 13:30:00,134.687988,41.260250,179.914780,13.964743,69.656410,97.091110,143.750000,71.371994,76.834396
2019-09-03 13:30:00,133.811417,41.097103,178.168106,13.888695,69.720322,97.304382,145.750000,72.084007,76.849533
2019-09-04 13:30:00,135.239182,41.717052,180.740097,14.056526,69.851601,97.457924,146.660004,72.687675,76.841118
2019-09-05 13:30:00,137.046631,42.035194,184.051041,14.234860,69.490669,96.673149,143.139999,72.161377,76.849533
2019-09-06 13:30:00,137.073761,42.165718,183.868729,14.284687,69.572693,96.732849,141.919998,72.323929,76.857933
2019-09-09 13:30:00,137.155121,42.214668,183.484879,14.379097,69.252762,96.135735,141.389999,71.975662,76.857933
2019-09-10 13:30:00,137.290634,42.288078,182.957001,14.465635,68.899986,95.436264,140.179993,71.232681,76.874741
2019-09-11 13:30:00,138.411255,42.524639,184.674881,14.565294,68.859009,95.342415,141.029999,71.310081,76.866341
2019-09-12 13:30:00,138.826935,42.769356,185.442612,14.622986,68.727745,95.129158,141.320007,71.689308,76.883163
2019-09-13 13:30:00,138.691376,43.014088,184.780457,14.594138,68.333977,94.259102,140.149994,70.923111,76.883163
2019-09-16 13:30:00,138.409988,42.671471,183.955109,14.504975,68.514465,94.668495,141.320007,71.542259,76.883163
2019-09-17 13:30:00,138.745880,42.802010,184.838058,14.510221,68.670341,94.915924,141.600006,72.316177,76.891541
2019-09-18 13:30:00,138.727707,42.720428,184.761261,14.502352,68.719543,94.950020,140.710007,72.068550,76.908348
2019-09-19 13:30:00,138.636932,42.785679,185.068359,14.460393,68.817993,94.992714,141.279999,72.323929,76.908348
2019-09-20 13:30:00,138.028641,42.744896,183.110565,14.389585,69.064079,95.538597,142.949997,72.323929,76.916771
2019-09-23 13:30:00,138.101288,42.695950,183.191360,14.426300,69.113304,95.675102,143.750000,72.440010,76.933578
2019-09-24 13:30:00,136.821243,42.466217,180.758392,14.324020,69.351204,96.152802,144.509995,72.279305,76.933578
2019-09-25 13:30:00,137.683670,42.433407,182.787445,14.391762,69.023056,95.521561,141.830002,72.419724,76.933578
2019-09-26 13:30:00,137.266052,42.474434,182.114304,14.402343,69.137886,95.726288,141.789993,73.028229,76.950371
2019-09-27 13:30:00,136.449020,42.220100,179.854477,14.423518,69.211784,95.862770,141.059998,72.622574,76.950371
2019-09-30 13:30:00,137.084503,42.384178,181.566177,14.494963,69.260971,95.939552,138.869995,72.747383,76.958771
2019-10-01 13:30:00,135.296051,41.998573,180.085251,14.307089,69.328392,96.205208,139.630005,72.060883,76.956238
2019-10-02 13:30:00,133.099045,41.342213,176.988861,14.016028,69.484596,96.538437,141.259995,71.756638,76.956238
2019-10-03 13:30:00,134.179382,41.662193,178.931290,14.127159,69.714798,97.042473,141.899994,72.450943,76.981506
2019-10-04 13:30:00,135.931534,41.941143,181.566177,14.322963,69.829849,97.230415,141.899994,72.887794,76.981506
2019-10-07 13:30:00,135.395935,41.801670,181.018036,14.217123,69.649002,96.905785,140.690002,72.731789,76.989891
2019-10-08 13:30:00,133.207993,41.448883,178.306274,13.989565,69.681931,97.110802,141.919998,72.349525,76.989891
2019-10-09 13:30:00,134.433609,41.777050,180.046799,14.111286,69.599678,96.863052,142.050003,72.489937,76.989891
2019-10-10 13:30:00,135.296051,42.088825,181.441147,14.225061,69.385933,96.256477,140.809998,72.606964,77.006729
2019-10-11 13:30:00,136.748581,42.761581,183.777924,14.412933,69.131104,95.598656,140.029999,72.575752,77.015160
2019-10-14 13:30:00,136.621475,42.589291,183.758682,14.381180,69.246170,95.863495,140.589996,72.606964,77.006729
2019-10-15 13:30:00,137.965057,43.032333,186.095520,14.487016,69.065308,95.402191,139.610001,72.700584,77.015160
2019-10-16 13:30:00,137.710907,43.122585,185.633896,14.452621,69.139320,95.590134,140.410004,72.708366,77.023552
2019-10-17 13:30:00,138.164871,43.237442,186.124344,14.489667,69.139320,95.555962,140.610001,73.184265,77.031998
2019-10-18 13:30:00,137.611084,43.155399,184.335693,14.484375,69.172157,95.641380,140.460007,73.745949,77.031998
2019-10-21 13:30:00,138.509796,43.417934,185.970505,14.584926,69.007736,95.291107,139.789993,74.307640,77.040421
2019-10-22 13:30:00,138.092209,43.376915,184.489532,14.608733,69.131104,95.513214,140.199997,74.089233,77.040421
2019-10-23 13:30:00,138.373627,43.532803,184.845352,14.587576,69.163963,95.547394,140.529999,74.253044,77.040421
2019-10-24 13:30:00,138.754913,43.606644,186.643631,14.574341,69.172157,95.530319,141.529999,74.065804,77.057228
2019-10-25 13:30:00,139.308731,43.696892,188.134171,14.685472,69.057068,95.325310,141.860001,73.433891,77.057228
2019-10-28 13:30:00,140.152985,43.885605,189.990112,14.759562,68.909081,94.966469,140.639999,72.989220,77.048813
2019-10-29 13:30:00,140.125809,43.811752,188.518799,14.762209,68.925545,95.051865,140.250000,73.433891,77.065643
2019-10-30 13:30:00,140.461685,43.975857,189.432373,14.786024,69.147522,95.513214,141.020004,73.699158,77.074051
2019-10-31 13:30:00,139.971436,43.836369,189.518906,14.690763,69.476387,96.119820,142.429993,73.566513,77.082474
2019-11-01 13:30:00,141.469421,44.263004,191.240250,14.841587,69.414581,95.938431,142.559998,73.550919,77.081635
2019-11-04 14:30:00,141.986816,44.517334,192.423035,14.923613,69.216827,95.450722,142.149994,73.036057,77.090057
2019-11-05 14:30:00,141.859772,44.591179,192.528809,14.918323,68.977875,94.937355,139.850006,71.795631,77.081635
2019-11-06 14:30:00,141.796204,44.517334,192.096100,14.965949,69.126205,95.211159,140.449997,71.951653,77.090057
2019-11-07 14:30:00,142.277359,44.689629,192.740387,15.040039,68.771950,94.449654,138.270004,71.233948,77.106895
2019-11-08 14:30:00,142.676788,44.582970,193.509644,15.069148,68.706039,94.321327,137.389999,71.062317,77.106895
2019-11-11 14:30:00,142.395386,44.435303,193.250076,14.989767,68.747192,94.423996,137.059998,71.218330,77.106895
2019-11-12 14:30:00,142.640488,44.386074,193.807785,14.992411,68.788399,94.466805,137.429993,70.680038,77.115334
2019-11-13 14:30:00,142.704086,44.221977,193.855850,14.973892,68.911980,94.723473,137.979996,71.327545,77.115334
2019-11-14 14:30:00,142.849304,44.172749,193.701981,14.997705,69.109749,95.202599,138.559998,71.881439,77.123779
2019-11-15 14:30:00,143.938721,44.468117,195.125259,15.085022,69.084999,95.125603,138.210007,72.271515,77.115334
2019-11-18 14:30:00,144.020416,44.492722,195.279099,15.085022,69.183891,95.288185,138.619995,72.622574,77.132202
2019-11-19 14:30:00,144.065781,44.459904,195.567581,14.992411,69.258034,95.467857,138.690002,72.747383,77.123779
2019-11-20 14:30:00,143.611938,44.230194,194.394379,14.942137,69.447510,95.818611,138.759995,72.708366,77.132202
2019-11-21 14:30:00,143.248749,44.148140,193.961655,14.944787,69.332161,95.579041,138.000000,71.686401,77.132202
2019-11-22 14:30:00,143.566513,44.238384,194.086639,14.979180,69.373352,95.561943,137.740005,71.421181,77.140625
2019-11-25 14:30:00,144.928284,44.566582,196.384949,15.069148,69.439278,95.604729,137.080002,71.647400,77.140625
2019-11-26 14:30:00,145.236938,44.566582,196.759979,15.114128,69.554626,95.784409,137.740005,72.599152,77.149040
2019-11-27 14:30:00,145.926941,44.665020,198.135162,15.169697,69.447510,95.536301,137.009995,72.942421,77.165932
2019-11-29 14:30:00,145.273239,44.271206,197.231216,15.106193,69.447510,95.459244,137.860001,72.606964,77.165932
2019-12-02 14:30:00,143.956894,44.090717,195.211777,15.037397,69.265869,95.116570,137.789993,71.506981,77.171822
2019-12-03 14:30:00,143.103500,43.943031,193.682800,14.891865,69.637444,95.964821,139.110001,71.967262,77.163391
2019-12-04 14:30:00,144.029480,44.320431,194.663635,15.013578,69.497086,95.596375,138.919998,72.263702,77.171822
2019-12-05 14:30:00,144.238327,44.320431,195.048279,15.032103,69.422729,95.373596,139.000000,72.302704,77.188690
2019-12-06 14:30:00,145.518372,44.697838,197.135086,15.172341,69.331924,95.082321,137.619995,72.450943,77.188690
2019-12-09 14:30:00,145.055389,44.468117,196.240723,15.193509,69.348457,95.159370,137.580002,72.591370,77.197136
2019-12-10 14:30:00,144.928284,44.550159,196.077209,15.143235,69.298912,95.047997,137.970001,72.170105,77.197136
2019-12-11 14:30:00,145.273239,44.845516,197.115860,15.190865,69.530075,95.442146,138.919998,71.436775,77.197136
2019-12-12 14:30:00,146.462509,45.288559,198.587097,15.341854,69.199821,94.688164,138.429993,70.469391,77.214005
2019-12-13 14:30:00,146.462509,45.477268,199.241013,15.307178,69.513580,95.245071,139.050003,70.485008,77.197136
2019-12-16 14:30:00,147.533798,45.912086,201.241226,15.360529,69.323685,94.799530,139.039993,70.992088,77.214005
2019-12-17 14:30:00,147.588303,45.854660,201.356613,15.363195,69.331924,94.808105,139.009995,70.321182,77.205559
2019-12-18 14:30:00,147.651840,45.887474,201.510498,15.333850,69.241081,94.551056,139.020004,71.178261,77.222443
2019-12-19 14:30:00,148.296371,45.862869,202.770187,15.357858,69.290634,94.624855,139.380005,71.809090,77.230904
2019-12-20 14:30:00,149.058975,45.879280,203.587570,15.488580,69.307129,94.624855,139.520004,72.203339,77.235123
2019-12-23 14:30:00,149.149734,45.952290,204.125381,15.475235,69.263283,94.539017,139.949997,71.840622,77.235123
2019-12-24 14:30:00,149.182602,45.960598,204.231384,15.464571,69.329498,94.702065,141.270004,72.029854,77.243546
2019-12-26 14:30:00,149.903687,46.159740,206.033508,15.493913,69.395683,94.839348,142.380005,72.345268,77.252022
2019-12-27 14:30:00,149.766800,46.383781,205.860046,15.512586,69.494980,94.976624,142.330002,72.573929,77.243546
2019-12-30 14:30:00,148.954437,46.026978,204.510849,15.416543,69.470200,94.916580,142.630005,72.644882,77.252022
2019-12-31 14:30:00,149.346939,46.209530,204.896332,15.451227,69.395683,94.573334,142.899994,73.165306,77.252022
2020-01-02 14:30:00,150.588272,46.723976,208.317535,15.491242,69.486717,95.010979,143.949997,72.305847,77.277367
2020-01-03 14:30:00,149.629898,46.151455,206.409363,15.379200,69.734993,95.645912,145.860001,72.755295,77.277367
2020-01-06 14:30:00,150.141022,46.217823,207.739334,15.376534,69.652245,95.542915,147.389999,72.842033,77.268898
2020-01-07 14:30:00,149.785049,46.134838,207.710403,15.355191,69.594315,95.405647,147.970001,72.029854,77.268898
2020-01-08 14:30:00,150.524414,46.217823,209.271652,15.413881,69.486717,95.182556,146.860001,72.250641,77.285812
2020-01-09 14:30:00,151.464493,46.425274,211.044907,15.512586,69.569489,95.251221,146.029999,72.211212,77.294266
2020-01-10 14:30:00,151.026413,46.367176,210.505173,15.469906,69.685333,95.457153,146.910004,72.763176,77.294266
2020-01-13 14:30:00,152.057816,46.715679,212.933792,15.584611,69.644005,95.345566,145.820007,73.638428,77.294266
2020-01-14 14:30:00,151.975662,46.723976,212.095337,15.579276,69.743263,95.534363,145.690002,73.362450,77.294266
2020-01-15 14:30:00,152.349915,46.599506,212.182068,15.605953,69.850822,95.774597,146.539993,74.024780,77.302704
2020-01-16 14:30:00,153.655182,46.848442,214.215530,15.720664,69.809448,95.577263,146.309998,74.616158,77.319618
2020-01-17 14:30:00,154.038498,46.997807,215.275589,15.779357,69.801186,95.500023,146.580002,74.687126,77.311165
2020-01-21 14:30:00,153.709915,46.483349,215.179245,15.736673,69.974960,95.877602,146.740005,75.396797,77.319618
2020-01-22 14:30:00,153.801178,46.649292,215.747833,15.795364,70.032913,95.894745,146.789993,74.892136,77.319618
2020-01-23 14:30:00,153.974640,46.466763,216.441681,15.814042,70.157021,96.135002,147.119995,75.522934,77.328064
2020-01-24 14:30:00,152.514175,46.201225,214.620285,15.696658,70.264595,96.478203,147.979996,75.262726,77.328064
2020-01-27 14:30:00,150.223190,45.188919,210.187195,15.475235,70.496307,97.130348,148.990005,74.900032,77.336517
2020-01-28 14:30:00,151.674484,45.529118,213.415665,15.557937,70.372177,96.804245,147.660004,75.199646,77.336517
2020-01-29 14:30:00,151.574066,45.554016,213.762573,15.448565,70.570793,97.267624,148.460007,74.923660,77.344948
2020-01-30 14:30:00,151.939163,45.388050,214.523911,15.456564,70.587349,97.362022,148.470001,74.978867,77.344948
2020-01-31 14:30:00,149.255646,44.641270,211.122009,15.179128,70.769379,97.851051,149.330002,74.064201,77.344948
2020-02-03 14:30:00,150.569992,44.724243,214.311905,15.221812,70.705544,97.767746,148.360001,74.308632,77.351715
2020-02-04 14:30:00,152.943207,45.512520,219.217209,15.405883,70.489906,97.200661,146.429993,75.073486,77.351715
2020-02-05 14:30:00,154.449280,45.927406,219.939987,15.707322,70.373795,96.779633,146.610001,75.120796,77.368645
2020-02-06 14:30:00,154.878281,46.035271,221.838501,15.734006,70.440186,96.848396,147.399994,75.373116,77.377075
2020-02-07 14:30:00,153.992920,45.578903,220.884460,15.600624,70.655777,97.312355,147.789993,75.357338,77.377075
2020-02-10 14:30:00,155.124725,45.670170,223.553940,15.672649,70.763565,97.501373,148.169998,76.201050,77.368645
2020-02-11 14:30:00,155.553711,46.002079,223.592499,15.728668,70.647484,97.269409,147.660004,76.776665,77.377075
2020-02-12 14:30:00,156.530411,46.333992,225.770493,15.771351,70.564537,97.020203,147.539993,77.234001,77.385529
2020-02-13 14:30:00,156.466476,45.977184,225.481354,15.720664,70.630913,97.106148,148.380005,77.699211,77.394020
2020-02-14 14:30:00,156.722076,45.952290,226.127060,15.699325,70.705544,97.346733,149.000000,78.503471,77.394020
2020-02-18 14:30:00,156.356979,45.670170,226.213791,15.605953,70.813339,97.501373,150.910004,78.416740,77.402466
2020-02-19 14:30:00,157.151062,45.885921,228.382172,15.672649,70.805038,97.484230,151.789993,77.360168,77.402466
2020-02-20 14:30:00,156.676422,45.512520,226.261963,15.637968,70.979202,97.767746,152.410004,78.282715,77.402466
2020-02-21 14:30:00,155.069977,45.271896,221.915634,15.525925,71.153343,98.162941,154.699997,78.511368,77.419357
2020-02-24 14:30:00,149.967606,43.595772,213.357773,15.045735,71.377258,98.927658,156.089996,77.439018,77.410957
2020-02-25 14:30:00,145.385452,42.998344,207.556183,14.621584,71.435287,99.202606,153.300003,75.341591,77.410957
2020-02-26 14:30:00,144.582245,43.081314,208.625977,14.546888,71.393867,99.151062,153.970001,74.529411,77.427856
2020-02-27 14:30:00,138.247635,41.853264,198.179230,13.922650,71.476753,99.632179,154.000000,70.563240,77.444786
2020-02-28 14:30:00,137.316635,41.695614,198.333374,13.759917,71.949455,100.749161,148.380005,68.860077,77.436333
2020-03-02 14:30:00,143.003189,42.151989,208.568115,14.354810,71.902107,100.680344,149.199997,71.801193,77.459175
2020-03-03 14:30:00,139.315613,41.770283,201.879913,13.994674,72.334198,101.850227,153.889999,71.635597,77.476120
2020-03-04 14:30:00,144.883514,42.848980,210.302780,14.626915,72.317566,101.626549,154.160004,74.340172,77.509995
2020-03-05 14:30:00,140.054977,41.820080,203.913345,14.168076,72.591797,102.529816,157.490005,72.747398,77.526939
2020-03-06 14:30:00,137.453537,41.197758,200.472885,13.930650,73.090355,103.570671,157.550003,71.493683,77.526939
2020-03-09 13:30:00,126.418190,37.945080,186.547165,12.927599,72.932480,104.499733,157.809998,65.982040,77.560822
2020-03-10 13:30:00,132.688889,39.413765,196.704697,13.522495,71.951942,102.581436,154.479996,68.769691,77.543877
2020-03-11 13:30:00,125.970955,37.455528,188.137283,12.900925,70.589211,101.557724,153.929993,64.637474,77.560822
2020-03-12 13:30:00,113.721626,33.431175,170.886688,11.617769,66.750229,101.609390,147.789993,58.089500,77.569267
2020-03-13 13:30:00,124.072380,35.555363,185.361725,12.639489,69.567139,100.946976,143.279999,63.159420,77.586220
2020-03-16 13:30:00,109.951874,31.597395,163.157623,11.383013,70.298378,103.613655,141.639999,51.962677,77.594673
2020-03-17 13:30:00,115.464989,33.232025,175.531845,12.287354,68.844223,101.015839,143.559998,54.966484,77.594673
2020-03-18 13:30:00,108.810913,30.975065,170.192841,11.697799,67.182312,99.613655,140.699997,49.737644,77.611603
2020-03-19 13:30:00,109.614151,31.323574,171.214355,11.455038,67.140770,99.940506,138.039993,49.912468,77.594673
2020-03-20 13:30:00,105.141609,31.215698,164.506897,10.814795,68.279144,102.486801,140.110001,47.425194,77.620087
2020-03-23 13:30:00,102.147728,30.579971,164.625687,10.537356,69.791496,103.699699,146.300003,45.223972,77.603149
2020-03-24 13:30:00,111.841316,33.142864,177.373871,11.383013,69.866310,102.994331,153.399994,49.292625,77.603149
2020-03-25 13:30:00,113.383911,34.341103,176.060410,11.488679,70.805252,103.054543,151.300003,51.946793,77.603149
2020-03-26 13:30:00,120.267326,35.689114,185.331863,12.256928,71.129333,103.303993,153.240005,55.610165,77.603149
2020-03-27 13:30:00,116.433022,34.457596,178.957733,11.971193,71.511559,104.069580,152.250000,55.665779,77.586220
2020-03-30 13:30:00,119.964600,35.098312,185.467010,12.329709,71.586319,104.310448,152.919998,56.881626,77.586220
2020-03-31 13:30:00,118.249260,34.915249,183.883179,12.124844,70.921577,104.499733,148.050003,55.506851,77.594673
2020-04-01 13:30:00,112.791336,33.583878,176.070038,11.742067,71.288033,104.925163,149.449997,51.859375,77.587898
2020-04-02 13:30:00,115.139618,34.357742,179.643417,12.070929,71.621147,104.942390,151.899994,52.034199,77.596336
2020-04-03 13:30:00,113.176559,33.642124,177.093811,11.941542,71.587791,105.019913,152.649994,51.279282,77.570984
2020-04-06 13:30:00,121.092911,35.364586,189.755096,12.607356,71.812668,104.546196,156.880005,55.077732,77.579414
2020-04-07 13:30:00,121.230476,35.605900,189.677811,12.615442,71.879288,104.081139,156.039993,55.586308,77.562485
2020-04-08 13:30:00,125.486778,35.955379,193.705078,13.006304,72.062523,103.951973,154.649994,59.376842,77.570984
2020-04-09 13:30:00,127.835045,36.529537,193.985153,13.132998,72.853714,104.175850,158.690002,62.706455,77.553986
2020-04-13 13:30:00,126.312340,36.396404,196.080887,13.000914,72.620491,103.951973,161.410004,60.068169,77.570984
2020-04-14 13:30:00,130.146698,37.037125,204.608658,13.367517,72.620491,104.089737,162.679993,61.752869,77.579414
2020-04-15 13:30:00,127.092026,35.996986,202.261856,12.992828,72.978622,105.019913,161.850006,59.305317,77.570984
2020-04-16 13:30:00,127.688271,36.005314,205.951096,13.044042,73.020241,105.131851,161.710007,58.629879,77.562485
2020-04-17 13:30:00,131.302444,36.945595,207.921249,13.451080,72.920311,104.856247,158.570007,60.481422,77.579414
2020-04-20 13:30:00,129.174347,36.413040,205.458511,13.189609,72.803680,105.131851,159.699997,58.232533,77.570984
2020-04-21 13:30:00,125.165710,35.630867,197.877228,12.871526,72.895340,105.424690,158.610001,57.175632,77.570984
2020-04-22 13:30:00,127.990974,36.354801,203.749115,13.106043,72.837029,105.097412,161.729996,58.049767,77.570984
2020-04-23 13:30:00,128.009354,36.271599,203.314545,13.114131,72.953621,105.166344,163.339996,57.565037,77.579414
2020-04-24 13:30:00,129.917297,36.571144,206.520874,13.345949,72.928673,105.192162,162.639999,57.811359,77.570984
2020-04-27 13:30:00,132.219742,37.087048,208.182037,13.591252,72.670456,104.632339,161.559998,59.790047,77.570984
2020-04-28 13:30:00,131.806961,37.353325,204.260986,13.693685,72.886978,105.088806,160.839996,60.282742,77.570984
2020-04-29 13:30:00,135.540375,38.335220,211.504257,13.917418,72.936951,105.037140,161.729996,61.188671,77.562485
2020-04-30 13:30:00,133.779160,37.569679,211.417358,13.653253,72.878654,104.787346,158.800003,60.481422,77.579414
2020-05-01 13:30:00,130.082458,36.662685,205.458511,13.294734,72.848671,104.932228,159.779999,58.439144,77.565857
2020-05-04 13:30:00,130.577774,36.720928,207.853668,13.318998,72.923744,104.949448,160.339996,58.153061,77.565857
2020-05-05 13:30:00,131.788620,36.854069,210.210114,13.429516,72.856979,104.871887,161.020004,58.439144,77.565857
2020-05-06 13:30:00,131.063950,36.704285,211.504257,13.327082,72.531540,104.483864,158.949997,57.390217,77.574348
2020-05-07 13:30:00,132.779297,37.153625,214.227768,13.380997,72.765190,105.121895,161.389999,58.208691,77.565857
2020-05-08 13:30:00,135.274368,37.769375,217.163727,13.696383,72.556557,104.777046,160.419998,59.591396,77.565857
2020-05-11 13:30:00,135.292664,37.736095,219.104858,13.688294,72.331261,104.483864,159.419998,58.725231,77.574348
2020-05-12 13:30:00,132.412430,37.353325,214.517487,13.413342,72.564896,104.828697,160.039993,56.055172,77.574348
2020-05-13 13:30:00,129.752182,37.078728,211.832672,13.173435,72.648361,105.044258,161.580002,54.696312,77.574348
2020-05-14 13:30:00,131.146515,36.920624,214.237411,13.332474,72.848671,105.208084,163.009995,54.887020,77.582802
2020-05-15 13:30:00,131.935379,36.795818,215.628128,13.359428,72.890373,105.139137,163.929993,54.672462,77.565857
2020-05-18 13:30:00,136.310913,38.227043,219.645721,13.825772,72.756844,104.492493,162.690002,57.906715,77.565857
2020-05-19 13:30:00,134.861603,37.835949,219.095230,13.602036,72.848671,104.785645,164.259995,57.127956,77.565857
2020-05-20 13:30:00,137.356659,38.476673,223.470200,13.769163,73.040543,104.811493,164.649994,57.636532,77.565857
2020-05-21 13:30:00,136.531067,38.093906,221.036438,13.653253,73.115654,104.880463,162.250000,57.684219,77.574348
2020-05-22 13:30:00,136.916336,37.819313,221.799408,13.669426,73.140724,105.078751,163.210007,58.462963,77.565857
2020-05-26 13:30:00,138.824295,38.867756,221.200653,13.912030,73.098976,104.802895,160.889999,60.648285,77.574348
2020-05-27 13:30:00,141.016663,39.225567,222.407822,14.216634,73.132332,104.889107,161.179993,61.856152,77.565857
2020-05-28 13:30:00,140.530472,39.400311,222.118164,14.138459,73.157379,104.794250,161.720001,62.150196,77.565857
2020-05-29 13:30:00,140.998337,39.450233,225.372818,14.157329,73.366005,105.130524,162.910004,61.530369,77.565857
2020-06-01 13:30:00,141.952316,40.298992,226.048843,14.141157,73.306648,105.089081,163.660004,62.952805,77.574348
2020-06-02 13:30:00,143.025574,40.898109,227.565079,14.351414,73.365166,104.916458,162.600006,63.461384,77.574348
2020-06-03 13:30:00,145.254578,41.780144,228.588821,14.583236,73.197983,104.295090,159.600006,65.495712,77.574348
2020-06-04 13:30:00,144.795929,41.488903,226.985580,14.626363,73.022369,103.880867,161.279999,64.844078,77.574348
2020-06-05 13:30:00,148.511017,42.296055,231.486130,15.014533,73.014076,103.363014,158.009995,67.299568,77.557373
2020-06-08 13:30:00,150.529083,42.786987,233.282440,15.230179,73.089264,103.475220,159.720001,68.968346,77.565857
2020-06-09 13:30:00,149.153137,42.321014,234.972610,15.033403,73.139442,103.846329,161.259995,67.824066,77.565857
2020-06-10 13:30:00,148.043167,42.271088,237.792633,14.842013,73.448738,104.623047,163.570007,66.099655,77.574348
2020-06-11 13:30:00,139.310486,39.991108,226.010208,13.930901,73.315010,104.994148,162.389999,61.856152,77.557373
2020-06-12 13:30:00,141.236816,40.764973,227.806519,14.060290,73.390259,104.761116,162.619995,64.073280,77.574348
2020-06-15 13:30:00,142.750366,40.806572,230.578339,14.162721,73.540741,104.674820,162.330002,64.979179,77.574348
2020-06-16 13:30:00,145.493073,41.272556,234.537933,14.448458,73.448738,104.459038,162.250000,66.258575,77.574348
2020-06-17 13:30:00,144.786774,41.380733,235.281601,14.372977,73.465492,104.623047,162.559998,65.297043,77.574348
2020-06-18 13:30:00,144.906021,41.289196,235.919006,14.359500,73.549110,104.856064,162.240005,64.581848,77.565857
2020-06-19 13:30:00,144.089600,41.122776,235.880432,14.270546,73.574203,104.890587,164.029999,63.644138,77.565857
2020-06-22 13:30:00,145.089478,41.651375,238.709213,14.186981,73.549110,104.795662,165.089996,63.580578,77.565857
2020-06-23 13:30:00,145.658188,41.902279,240.740860,14.230113,73.515648,104.761116,166.479996,63.318336,77.565857
2020-06-24 13:30:00,141.704666,40.998997,235.777878,13.773969,73.524033,104.959595,165.899994,61.514469,77.565857
2020-06-25 13:30:00,143.418594,41.417175,238.022324,13.956100,73.599243,104.976913,165.800003,62.300159,77.574348
2020-06-26 13:30:00,140.082855,40.873531,232.401413,13.599991,73.732986,105.261673,166.539993,61.104374,77.565857
2020-06-29 13:30:00,142.137711,41.199722,234.936142,13.888142,73.783180,105.365219,166.630005,62.284084,77.565857
2020-06-30 13:30:00,144.238693,41.124447,239.541214,14.067551,73.858421,105.175392,167.369995,63.022423,77.565857
2020-07-01 13:30:00,145.077240,41.333538,242.337204,13.934351,73.876846,105.011238,166.619995,64.474991,77.565857
2020-07-02 13:30:00,145.657776,41.944092,243.981842,14.051241,73.994133,105.140846,166.979996,64.290421,77.574348
2020-07-06 13:30:00,147.952225,42.880833,249.980026,14.192597,73.968994,104.985336,167.979996,64.258301,77.565857
2020-07-07 13:30:00,146.450226,42.287006,248.257935,13.966973,74.086296,105.322227,169.039993,62.982288,77.565857
2020-07-08 13:30:00,147.648163,42.830654,251.527954,13.991439,74.044380,105.158096,170.089996,62.894009,77.565857
2020-07-09 13:30:00,146.735931,42.454273,253.646683,13.692416,74.245415,105.494957,169.630005,62.500786,77.565857
2020-07-10 13:30:00,148.311600,42.671745,255.378387,13.996875,74.161674,105.287674,169.190002,62.693386,77.574348
2020-07-13 13:30:00,146.708237,42.395741,250.125122,14.053961,74.195160,105.399925,169.399994,61.947041,77.574348
2020-07-14 13:30:00,148.634109,42.872467,251.895599,14.225219,74.287285,105.391304,170.190002,62.468658,77.574348
2020-07-15 13:30:00,150.477112,43.248840,252.408325,14.497053,74.295662,105.356773,170.339996,63.078590,77.574348
2020-07-16 13:30:00,149.804459,42.864109,250.686234,14.524237,74.345909,105.434517,168.729996,62.324226,77.565857
2020-07-17 13:30:00,150.375748,43.106667,250.976578,14.502487,74.421326,105.408577,170.119995,63.134777,77.574348
2020-07-20 13:30:00,151.527573,43.399380,258.096924,14.374730,74.496719,105.477715,170.940002,62.380394,77.574348
2020-07-21 13:30:00,151.960709,43.641933,255.407440,14.592197,74.538589,105.589981,173.000000,62.532883,77.574348
2020-07-22 13:30:00,152.753143,43.658657,256.307159,14.684624,74.639107,105.624527,175.630005,63.487881,77.565857
2020-07-23 13:30:00,151.085266,43.324116,249.612396,14.700933,74.706116,105.728218,177.179993,63.223061,77.574348
2020-07-24 13:30:00,149.914993,43.165199,247.242126,14.635691,74.689339,105.676376,178.699997,62.757584,77.565857
2020-07-27 13:30:00,151.205048,43.784115,251.653763,14.738988,74.639107,105.512238,182.229996,63.351460,77.565857
2020-07-28 13:30:00,150.099319,43.474659,248.451492,14.652004,74.672592,105.762764,183.750000,64.611427,77.574348
2020-07-29 13:30:00,152.089706,44.026661,251.315125,14.866754,74.789856,105.900963,185.130005,65.863380,77.574348
2020-07-30 13:30:00,151.748734,43.474659,252.630814,14.858596,74.831734,106.047813,183.759995,65.438034,77.565857
2020-07-31 13:30:00,152.522797,42.830654,257.139191,14.812385,74.932251,106.073708,185.429993,65.317635,77.574348
2020-08-03 13:30:00,153.849701,43.449574,260.612274,14.874907,74.906235,106.021843,185.639999,64.450905,77.565857
2020-08-04 13:30:00,154.457840,43.784115,261.579834,14.929278,75.065659,106.384941,189.589996,65.413948,77.574348
2020-08-05 13:30:00,155.582062,44.043388,262.228027,15.092377,74.964989,106.030472,191.350006,65.084900,77.565857
2020-08-06 13:30:00,156.337692,44.177212,265.701233,15.070626,75.082466,106.151520,193.889999,65.189247,77.565857
2020-08-07 13:30:00,156.466690,43.784115,262.634277,15.288095,74.998550,105.926743,190.809998,66.120186,77.574348
2020-08-10 13:30:00,156.899811,43.917934,261.512115,15.483820,74.914642,105.814369,190.149994,66.224495,77.574348
2020-08-11 13:30:00,155.637344,44.018303,256.558716,15.565371,74.654526,105.451294,179.940002,65.269501,77.565857
2020-08-12 13:30:00,157.719910,44.821220,263.011658,15.655080,74.461533,105.140053,179.100006,65.927582,77.565857
2020-08-13 13:30:00,157.600082,44.628857,263.611481,15.551785,74.218201,104.923943,183.330002,65.117004,77.574348
2020-08-14 13:30:00,157.554092,44.411400,263.301880,15.611588,74.134270,104.975807,182.539993,65.125031,77.565857
2020-08-17 13:30:00,158.226761,44.829586,266.358948,15.540909,74.226616,105.148697,186.500000,65.654694,77.565857
2020-08-18 13:30:00,158.466278,44.812855,268.922760,15.472950,74.327263,105.330238,188.179993,65.341705,77.574348
2020-08-19 13:30:00,157.848923,44.536846,267.113678,15.426741,74.201370,105.191956,182.240005,64.194092,77.574348
2020-08-20 13:30:00,158.300430,44.419762,270.818970,15.331591,74.327263,105.494476,183.500000,64.804016,77.574348
2020-08-21 13:30:00,158.696671,44.319393,272.695831,15.318000,74.486732,105.572342,182.029999,64.908363,77.574348
2020-08-24 13:30:00,160.217072,44.829586,274.398560,15.636053,74.402779,105.425339,181.000000,65.325691,77.574348
2020-08-25 13:30:00,160.751526,44.996857,276.556000,15.554500,74.260132,105.174644,181.220001,65.494202,77.565857
2020-08-26 13:30:00,162.207489,45.231045,282.457397,15.500129,74.218201,105.131393,183.360001,64.892319,77.565857
2020-08-27 13:30:00,162.594482,44.837936,281.577087,15.595271,73.949661,104.759682,181.240005,65.847305,77.565857
2020-08-28 13:30:00,163.727905,45.247776,283.008881,15.731191,74.008408,104.932564,184.389999,66.280678,77.574348
2020-08-31 13:30:00,163.359314,44.729218,285.282410,15.570810,74.226616,105.044968,184.830002,65.606560,77.574348
2020-09-01 13:30:00,164.806061,44.996857,290.158356,15.619740,74.430809,105.389305,185.050003,65.654694,77.574348
2020-09-02 13:30:00,167.008423,45.373226,292.905884,15.913321,74.590569,105.536339,182.619995,66.874550,77.574348
2020-09-03 13:30:00,161.203079,44.386307,278.055542,15.557221,74.598930,105.674767,181.139999,66.072021,77.565857
2020-09-04 13:30:00,159.830078,44.478306,274.350189,15.584401,74.161865,105.086472,181.639999,65.726944,77.574348
2020-09-08 13:30:00,155.342499,43.842667,261.163818,15.206546,74.271126,105.311409,181.289993,64.924423,77.574348
2020-09-09 13:30:00,158.383377,44.587040,268.835724,15.385962,74.220695,105.259506,183.050003,65.566437,77.565857
2020-09-10 13:30:00,155.784821,44.035034,263.476013,15.157618,74.237518,105.389305,182.460007,64.763908,77.565857
2020-09-11 13:30:00,155.840118,44.444847,261.647614,15.263632,74.313164,105.553665,182.449997,64.402756,77.557373
2020-09-14 13:30:00,158.272797,44.829586,266.204224,15.491981,74.313164,105.458473,183.889999,65.975723,77.574348
2020-09-15 13:30:00,159.175842,45.139042,269.977264,15.467513,74.355194,105.406570,183.449997,66.770210,77.557373
2020-09-16 13:30:00,158.650589,45.072136,265.672089,15.565371,74.338371,105.346001,183.970001,67.123337,77.574348
2020-09-17 13:30:00,157.342072,45.055397,261.521667,15.527314,74.338371,105.380630,182.960007,65.815216,77.574348
2020-09-18 13:30:00,155.812424,44.720848,258.184052,15.385962,74.254318,105.285461,183.199997,64.330544,77.557373
2020-09-21 13:30:00,153.932648,43.869892,258.803314,14.989079,74.296333,105.475769,179.520004,62.396446,77.557373
2020-09-22 13:30:00,155.462311,43.785717,263.611481,14.989079,74.321564,105.475769,178.649994,63.142792,77.557373
2020-09-23 13:30:00,151.711899,43.255440,255.562286,14.696142,74.153442,105.475769,174.789993,61.240822,77.557373
2020-09-24 13:30:00,152.034393,43.179680,256.752228,14.745563,74.161865,105.527718,175.440002,61.569836,77.565857
2020-09-25 13:30:00,154.480774,43.339607,262.721466,14.899305,74.153442,105.614197,174.940002,62.839581,77.557373
2020-09-28 13:30:00,157.284286,43.928802,268.177826,15.226012,74.220695,105.596924,176.699997,64.125473,77.565857
2020-09-29 13:30:00,156.405304,43.869892,266.968567,15.077757,74.271126,105.674767,178.190002,63.664501,77.565857
2020-09-30 13:30:00,157.580368,43.911976,268.797028,15.182081,74.153442,105.389305,177.119995,63.858585,77.557373
2020-10-01 13:30:00,158.894257,44.265488,273.063568,15.173845,74.229195,105.448990,178.699997,65.136429,77.557373
2020-10-02 13:30:00,157.654388,44.071903,265.381927,15.242480,74.178703,105.345146,178.539993,66.260567,77.557373
2020-10-05 13:30:00,160.494980,44.720016,271.041382,15.574674,73.900848,104.678589,179.410004,66.640694,77.557373
2020-10-06 13:30:00,158.514908,44.400162,266.204224,15.473096,74.001884,104.920929,177.300003,66.203964,77.565857
2020-10-07 13:30:00,161.281387,44.846268,270.809235,15.788816,73.900848,104.617950,177.220001,66.301025,77.557373
2020-10-08 13:30:00,162.697052,45.157707,272.250732,16.024923,74.027168,104.808395,177.850006,67.408997,77.557373
2020-10-09 13:30:00,164.066437,45.469143,276.410797,16.055120,74.043983,104.756454,181.080002,67.142113,77.557373
2020-10-12 13:30:00,166.499847,45.738476,284.943726,16.156700,74.153419,104.869003,180.559998,67.457527,77.565857
2020-10-13 13:30:00,165.620834,45.342876,284.934143,16.022175,74.212395,105.102745,177.720001,66.301025,77.557373
2020-10-14 13:30:00,164.519791,45.191368,282.554138,16.013937,74.254486,105.137383,178.270004,65.492271,77.557373
2020-10-15 13:30:00,164.575333,44.720016,280.657959,16.096300,74.212395,105.024826,178.919998,65.831955,77.557373
2020-10-16 13:30:00,164.279282,44.905182,279.119720,16.123753,74.153419,104.964226,178.300003,65.362862,77.565857
2020-10-19 13:30:00,161.929092,44.703186,274.562958,15.917853,74.086090,104.791084,178.389999,64.343857,77.565857
2020-10-20 13:30:00,162.493500,45.039856,275.153168,15.961776,73.959808,104.565987,179.250000,64.804832,77.557373
2020-10-21 13:30:00,161.938339,44.913597,274.940369,15.846471,73.875618,104.427505,180.600006,64.610733,77.557373
2020-10-22 13:30:00,163.085693,44.922020,274.930542,16.027670,73.749275,104.063934,178.830002,64.602638,77.565857
2020-10-23 13:30:00,163.622314,45.174526,275.472290,16.115517,73.841942,104.211075,178.639999,64.990845,77.565857
2020-10-26 13:30:00,160.652222,44.416992,271.341339,15.747635,73.951401,104.488106,178.550003,64.060776,77.565857
2020-10-27 13:30:00,160.004562,44.257076,273.460083,15.522511,74.128197,104.721832,179.020004,63.033684,77.557373
2020-10-28 13:30:00,154.702805,42.994511,262.798798,15.044808,74.027168,104.713181,176.130005,61.529400,77.557373
2020-10-29 13:30:00,156.164703,43.255440,267.394226,15.242480,73.867180,104.271660,175.399994,62.354343,77.565857
2020-10-30 13:30:00,154.508560,42.901920,260.612274,15.239730,73.740837,103.934067,176.199997,61.941860,77.565857
2020-11-02 14:30:00,156.118454,43.499535,261.192871,15.580165,73.842918,104.112518,177.910004,63.421867,77.565857
2020-11-03 14:30:00,159.116302,44.341244,265.710846,15.857450,73.826050,103.878616,178.919998,64.643082,77.565857
2020-11-04 14:30:00,162.586029,45.031445,277.571747,15.668018,74.332115,104.753510,178.820007,64.756310,77.557373
2020-11-05 14:30:00,165.944717,46.007832,284.808319,16.041391,74.408020,104.736206,182.929993,65.063622,77.565857
2020-11-06 14:30:00,165.861420,46.150917,285.021118,15.931573,74.239334,104.381027,183.190002,64.618813,77.557373
2020-11-09 14:30:00,167.832214,47.118881,279.197052,16.689306,73.893532,103.610107,175.080002,66.907570,77.565857
2020-11-10 14:30:00,167.554642,47.270393,274.195404,16.865013,73.750175,103.315567,175.660004,67.886147,77.557373
2020-11-11 14:30:00,168.914749,47.598648,280.329041,16.862268,73.800751,103.480156,174.899994,68.144958,77.557373
2020-11-12 14:30:00,167.249313,46.958958,279.013275,16.571253,74.045357,104.069191,175.960007,67.255341,77.557373
2020-11-13 14:30:00,169.617981,47.615490,281.460968,16.886974,74.070663,103.930588,177.160004,69.050743,77.565857
2020-11-16 14:30:00,171.690521,48.213104,283.657043,17.263100,74.112831,103.852638,177.149994,69.827156,77.565857
2020-11-17 14:30:00,171.301926,48.213104,282.757294,17.227404,74.239334,104.121170,176.500000,69.891830,77.565857
2020-11-18 14:30:00,169.488449,47.985847,280.667572,17.048954,74.323692,104.086510,175.490005,68.533127,77.565857
2020-11-19 14:30:00,170.432190,48.263615,282.863770,17.101118,74.475494,104.199112,175.160004,68.800041,77.565857
2020-11-20 14:30:00,169.534698,48.415112,280.928925,16.983068,74.542969,104.381027,175.690002,68.428017,77.565857
2020-11-23 14:30:00,170.922546,48.482464,280.938477,17.254858,74.483932,104.173134,172.229996,68.557419,77.565857
2020-11-24 14:30:00,173.568832,49.197906,284.885773,17.683144,74.408020,104.008545,169.589996,68.921333,77.565857
2020-11-25 14:30:00,173.504059,49.029560,286.636902,17.518419,74.374283,104.043198,169.509995,68.961777,77.557373
2020-11-27 14:30:00,174.114731,49.391502,289.278015,17.482731,74.534554,104.355057,167.789993,68.654457,77.565857
2020-11-30 14:30:00,172.745331,48.314114,289.868164,17.246628,74.635735,104.285767,166.669998,67.934692,77.557373
2020-12-01 14:30:00,174.938171,49.408337,293.583130,17.471752,74.410217,103.730972,170.179993,68.808128,77.551445
2020-12-02 14:30:00,175.086227,49.442009,293.960388,17.551363,74.283485,103.557640,171.460007,68.266273,77.559921
2020-12-03 14:30:00,175.437836,49.669254,294.376404,17.589798,74.427086,103.834999,172.809998,68.840477,77.559921
2020-12-04 14:30:00,177.195816,50.123798,295.576111,17.878067,74.232819,103.427620,172.320007,69.891830,77.568398
2020-12-07 14:30:00,177.001541,49.871277,297.249786,17.760015,74.334167,103.748375,174.889999,69.285278,77.551445
2020-12-08 14:30:00,177.769470,49.997524,298.255859,17.872576,74.359512,103.852333,175.500000,69.042656,77.551445
2020-12-09 14:30:00,176.020752,49.938606,291.503052,17.889044,74.232819,103.704994,172.500000,68.614029,77.551445
2020-12-10 14:30:00,176.279785,50.157455,292.673645,17.806475,74.384850,103.939011,172.169998,68.314796,77.551445
2020-12-11 14:30:00,175.965210,49.913364,292.025574,17.706720,74.503098,104.147064,172.490005,68.250099,77.559921
2020-12-14 14:30:00,175.465591,49.921780,294.144257,17.479488,74.477753,104.086372,171.539993,67.950844,77.551445
2020-12-15 14:30:00,177.871277,50.460476,297.288391,17.712263,74.511589,103.982368,173.940002,69.341896,77.551445
2020-12-16 14:30:00,178.121094,50.586716,298.923431,17.731655,74.435555,103.895676,174.899994,69.422768,77.559921
2020-12-17 14:30:00,179.518188,50.940258,300.877625,17.770454,74.452446,103.820229,176.740005,70.094025,77.559921
2020-12-18 14:30:00,179.009277,50.738232,299.968262,17.717802,74.427086,103.733498,176.440002,68.686790,77.559921
2020-12-21 14:30:00,178.491135,50.109215,299.407104,17.595877,74.435555,103.802895,175.880005,68.298615,77.559921
2020-12-22 14:30:00,178.528168,49.964710,300.221252,17.498890,74.553810,103.976349,174.490005,68.775772,77.559921
2020-12-23 14:30:00,178.833511,50.432220,298.709259,17.656839,74.469910,103.759544,175.649994,68.330956,77.551445
2020-12-24 14:30:00,179.132660,50.457729,300.027527,17.687321,74.597008,103.906929,176.350006,68.929207,77.559921
2020-12-28 14:30:00,180.266083,50.763733,303.051331,17.695631,74.571648,103.915627,175.710007,69.340088,77.559921
2020-12-29 14:30:00,179.513535,51.188755,303.322723,17.593107,74.597008,103.898270,176.350006,68.748436,77.559921
2020-12-30 14:30:00,179.996628,51.469261,303.332306,17.670696,74.647911,103.967712,177.699997,69.126427,77.551445
2020-12-31 14:30:00,180.823471,51.137749,304.078644,17.773222,74.749588,104.037071,178.360001,69.792030,77.559921
2021-01-04 14:30:00,178.250122,51.443771,299.785126,17.521063,74.647911,104.063110,182.330002,67.523994,77.559921
2021-01-05 14:30:00,179.690094,52.191792,302.256592,17.662388,74.520767,103.820229,182.869995,67.622620,77.551445
2021-01-06 14:30:00,181.306549,52.472286,298.069611,18.150078,74.190186,103.213089,179.899994,67.737640,77.559921
2021-01-07 14:30:00,184.214355,52.693302,305.280518,18.271999,74.037651,102.848839,179.479996,67.606186,77.559921
2021-01-08 14:30:00,185.106171,53.364830,309.205780,18.216578,73.969849,102.553894,173.339996,68.263580,77.551445
2021-01-11 14:30:00,184.000702,52.659302,304.737732,18.291397,73.893539,102.354431,173.000000,67.359657,77.559921
2021-01-12 14:30:00,184.651047,52.931313,304.253204,18.454885,73.876595,102.337067,174.119995,67.515778,77.551445
2021-01-13 14:30:00,184.855408,52.922806,306.307861,18.385611,74.071571,102.692711,173.369995,68.337547,77.551445
2021-01-14 14:30:00,184.678833,53.390320,304.669983,18.474283,73.978294,102.458542,173.279999,68.740204,77.559921
2021-01-15 14:30:00,183.071655,52.574299,302.256592,18.252604,74.037651,102.736038,171.130005,69.529083,77.559921
2021-01-19 14:30:00,184.743896,53.101315,306.666473,18.371761,74.139343,102.796783,172.580002,69.331871,77.559921
2021-01-20 14:30:00,187.075729,53.679340,313.799805,18.396696,74.130867,102.840141,175.389999,70.654884,77.559921
2021-01-21 14:30:00,186.936371,53.747341,316.310028,18.346821,74.029137,102.692711,175.279999,70.317993,77.559921
2021-01-22 14:30:00,186.629837,53.381832,315.399017,18.211040,74.063095,102.848839,173.899994,70.482330,77.551445
2021-01-25 14:30:00,187.159363,53.458336,318.006165,18.244287,74.232552,103.265114,174.050003,71.016464,77.559921
2021-01-26 14:30:00,186.481155,53.356319,318.471497,18.222124,74.224075,103.230415,173.619995,71.517731,77.551445
2021-01-27 14:30:00,182.003342,52.115280,309.593536,17.872980,74.224075,103.351906,172.520004,70.252228,77.551445
2021-01-28 14:30:00,183.433960,52.480789,311.425262,18.005985,74.164757,103.082970,172.679993,70.630241,77.559921
2021-01-29 14:30:00,180.219635,51.265255,304.873413,17.612501,74.105438,102.900856,172.610001,69.816711,77.559921
2021-02-01 14:30:00,183.294647,52.191792,312.491455,17.798155,74.130058,103.029305,174.229996,71.410912,77.559921
2021-02-02 14:30:00,185.923737,52.820808,317.589386,17.989359,74.036659,102.768929,172.110001,71.838211,77.551445
2021-02-03 14:30:00,186.202454,53.016315,316.329498,18.058632,73.909332,102.517242,171.850006,71.657448,77.551445
2021-02-04 14:30:00,188.562149,53.067314,320.070557,18.211040,73.926300,102.482513,168.149994,72.150505,77.559921
2021-02-05 14:30:00,189.621231,53.432827,321.156097,18.296940,73.824432,102.265533,169.809998,72.405243,77.559921
2021-02-08 14:30:00,191.321335,53.764332,323.307739,18.515854,73.909332,102.308960,171.520004,72.799690,77.559921
2021-02-09 14:30:00,191.395660,54.129841,323.239929,18.535250,73.875397,102.387054,172.080002,73.054436,77.559921
2021-02-10 14:30:00,191.312042,54.061844,322.503296,18.549103,73.994240,102.647423,172.710007,73.448883,77.551445
2021-02-11 14:30:00,191.767273,54.469860,324.276978,18.482601,73.917816,102.569305,171.210007,73.605011,77.559921
2021-02-12 14:30:00,192.761276,54.733372,326.089386,18.571272,73.722542,102.230804,170.690002,73.621445,77.551445
2021-02-16 14:30:00,192.417557,54.979870,325.207458,18.668257,73.374512,101.493111,168.240005,73.054436,77.559921
2021-02-17 14:30:00,192.018097,54.741867,323.646942,18.693195,73.527306,101.562546,166.330002,72.964035,77.559921
2021-02-18 14:30:00,190.912582,54.282856,322.231873,18.629459,73.484856,101.553833,166.320007,72.651779,77.551445
2021-02-19 14:30:00,191.349213,54.588867,320.826630,18.784636,73.230186,101.145943,167.009995,73.070869,77.559921
2021-02-22 14:30:00,189.528366,54.010849,312.510803,18.942581,73.026428,100.981056,169.509995,73.678986,77.551445
2021-02-23 14:30:00,189.500458,54.146851,311.580322,18.986923,73.009453,101.059158,169.119995,74.139153,77.551445
2021-02-24 14:30:00,191.627914,54.163857,314.148804,19.313902,72.967003,100.920288,169.000000,74.706184,77.542969
2021-02-25 14:30:00,186.620529,53.186317,303.196655,18.923187,72.330284,99.575005,165.820007,73.276321,77.551445
2021-02-26 14:30:00,185.877304,52.446800,304.466339,18.679342,72.958504,100.468987,161.809998,72.208008,77.551445
2021-03-01 14:30:00,190.652466,53.594330,313.625427,19.147636,72.864151,100.356094,161.529999,72.528503,77.542969
2021-03-02 14:30:00,188.859421,53.381832,308.595245,19.078367,72.855652,100.538460,162.410004,71.830009,77.542969
2021-03-03 14:30:00,186.137451,53.126812,299.639801,19.128242,72.626053,100.000000,160.619995,71.419136,77.551445
2021-03-04 14:30:00,183.192459,52.446800,294.735565,18.937040,72.396530,99.505005,159.039993,70.605591,77.551445
2021-03-05 14:30:00,186.499756,52.837811,299.174500,19.444132,72.354012,99.366051,159.139999,71.378044,77.551445
2021-03-08 14:30:00,185.589294,52.285282,290.703705,19.701841,72.022423,98.975227,157.490005,71.994370,77.542969
2021-03-09 14:30:00,188.469254,53.092819,302.169312,19.591002,72.260468,99.444237,160.839996,72.470993,77.542969
2021-03-10 14:30:00,189.816315,53.237324,301.306763,19.915209,72.396530,99.652664,161.660004,73.194138,77.542969
2021-03-11 14:30:00,192.296814,53.985348,308.246307,19.917978,72.405037,99.617920,161.520004,74.048782,77.551445
2021-03-12 14:30:00,192.677704,53.815346,305.745697,20.103638,71.971397,98.897110,161.490005,75.289619,77.542969
2021-03-15 13:30:00,194.024765,53.925842,309.011902,20.125807,72.056404,99.018700,162.199997,76.407234,77.542969
2021-03-16 13:30:00,193.244400,54.053349,310.708099,19.959547,72.047905,99.001350,162.350006,76.094940,77.542969
2021-03-17 13:30:00,193.978363,54.274357,311.987457,20.048218,72.022423,98.836311,163.509995,76.160675,77.551445
2021-03-18 13:30:00,190.448059,53.636833,302.431030,20.020506,71.724815,98.219719,162.559998,75.388222,77.542969
2021-03-19 13:30:00,190.689606,53.908840,303.497223,19.945686,71.784332,98.158943,163.240005,74.361038,77.542969
2021-03-22 13:30:00,191.720810,53.904587,309.188751,20.014969,71.988396,98.480263,163.000000,74.886955,77.542969
2021-03-23 13:30:00,189.537643,53.086552,307.839783,19.793283,72.149979,98.966583,161.809998,74.780128,77.551445
2021-03-24 13:30:00,187.967575,52.515644,302.648010,19.833187,72.260468,99.096886,162.369995,74.361038,77.542969
2021-03-25 13:30:00,189.358261,52.856487,302.123993,20.092722,72.209450,98.966583,161.779999,75.118164,77.542969
2021-03-26 13:30:00,192.452911,53.725636,306.655945,20.558760,72.081932,98.636589,162.240005,76.738235,77.542969
2021-03-29 13:30:00,191.548752,53.427399,306.568604,20.522480,71.988396,98.297882,160.309998,76.291908,77.542969
2021-03-30 13:30:00,191.492813,53.444435,305.025604,20.427601,72.064919,98.211052,157.570007,76.391083,77.551445
2021-03-31 13:30:00,192.657974,53.427399,309.693359,20.349461,72.030922,98.072113,159.960007,75.928215,77.542969
2021-04-01 13:30:00,195.072159,54.151695,314.972504,20.461088,72.262703,98.506584,161.979996,77.308563,77.551445
2021-04-05 13:30:00,197.346481,54.748173,321.260864,20.720619,72.151909,98.228500,161.919998,77.606133,77.542969
2021-04-06 13:30:00,197.421066,54.432892,321.037659,20.645269,72.407600,98.706421,163.220001,77.804504,77.534500
2021-04-07 13:30:00,197.253281,54.305073,321.814056,20.597832,72.322357,98.645630,162.759995,77.862366,77.534500
2021-04-08 13:30:00,198.399796,54.645916,325.171753,20.606203,72.484268,98.984520,164.509995,77.573059,77.542969
2021-04-09 13:30:00,199.602203,54.637402,327.141663,20.723410,72.390526,98.723824,163.270004,77.482147,77.534500
2021-04-12 13:30:00,199.658081,54.313595,326.714752,20.779222,72.373459,98.662987,162.279999,77.936752,77.534500
2021-04-13 13:30:00,200.217392,54.628883,330.528473,20.662012,72.560989,99.071434,163.429993,78.325256,77.534500
2021-04-14 13:30:00,199.769974,54.773735,326.559448,20.715040,72.509796,98.949738,162.720001,77.911964,77.534500
2021-04-15 13:30:00,201.895203,55.148655,331.508667,20.809921,72.816589,99.584106,165.350006,79.275772,77.542969
2021-04-16 13:30:00,202.407837,55.515079,331.896851,20.982941,72.620605,99.314720,166.350006,79.449387,77.542969
2021-04-19 13:30:00,201.084290,55.344650,328.859314,20.888062,72.577995,99.210480,165.889999,79.606407,77.534500
2021-04-20 13:30:00,199.238678,54.577755,326.462463,20.762474,72.697319,99.505913,166.479996,80.259415,77.534500
2021-04-21 13:30:00,201.615585,55.097546,329.257294,20.996893,72.773987,99.558037,168.130005,80.788399,77.534500
2021-04-22 13:30:00,200.040298,54.867470,325.288177,20.731783,72.808075,99.636238,167.039993,80.350334,77.542969
2021-04-23 13:30:00,202.463806,55.489506,329.383392,20.918758,72.816589,99.505913,166.399994,80.821487,77.542969
2021-04-26 13:30:00,203.200150,55.557678,331.528046,20.879683,72.765457,99.401627,166.839996,81.061165,77.534500
2021-04-27 13:30:00,203.106949,55.472466,330.091858,20.854567,72.577995,99.010597,166.419998,81.052902,77.542969
2021-04-28 13:30:00,203.078995,55.702549,328.975800,20.728992,72.612076,99.140907,166.910004,80.879341,77.534500
2021-04-29 13:30:00,203.852646,55.694012,330.159729,20.904800,72.552422,98.967133,166.220001,81.573647,77.534500
2021-04-30 13:30:00,202.361267,54.910080,327.995667,20.798756,72.654686,99.054008,165.660004,81.895996,77.542969
2021-05-03 13:30:00,202.715424,55.378738,326.248932,21.010853,72.672646,99.222725,167.809998,81.738953,77.542969
2021-05-04 13:30:00,201.196091,54.662971,320.377838,21.139214,72.766510,99.353134,166.580002,81.209946,77.534500
2021-05-05 13:30:00,201.158798,55.225349,319.300690,21.242470,72.809189,99.474884,167.270004,79.862656,77.542969
2021-05-06 13:30:00,202.184143,55.651413,321.707336,21.510376,72.843323,99.518394,170.059998,80.309006,77.542969
2021-05-07 13:30:00,203.899216,56.307537,324.317780,21.602465,72.851860,99.553162,171.589996,81.366997,77.534500
2021-05-10 13:30:00,201.503708,55.847393,316.127350,21.624792,72.681175,99.353134,172.110001,81.342209,77.534500
2021-05-11 13:30:00,199.881836,55.242401,315.690643,21.401539,72.536041,99.187950,172.139999,80.317268,77.534500
2021-05-12 13:30:00,195.379776,54.160225,307.519623,21.022017,72.280022,98.709717,170.429993,78.283905,77.526047
2021-05-13 13:30:00,197.532898,54.449932,309.897186,21.393164,72.425102,99.040138,171.130005,79.300583,77.526047
2021-05-14 13:30:00,200.907150,55.361687,316.738708,21.588512,72.595802,99.257523,172.690002,80.242882,77.526047
2021-05-17 13:30:00,200.478378,55.276478,314.817291,21.602465,72.527527,99.161858,174.699997,80.325531,77.534500
2021-05-18 13:30:00,198.912430,55.608810,312.692017,21.365259,72.450699,99.161858,175.039993,80.342056,77.534500
2021-05-19 13:30:00,198.334518,55.216839,313.051025,21.278749,72.373909,98.866219,175.160004,80.085823,77.526047
2021-05-20 13:30:00,200.487747,55.813309,319.106567,21.404327,72.612846,99.274910,175.960007,80.986778,77.526047
2021-05-21 13:30:00,200.375839,55.659939,317.340424,21.435022,72.629944,99.309669,176.039993,80.904121,77.534500
2021-05-24 13:30:00,202.398575,56.060429,322.677704,21.502005,72.715279,99.405319,176.350006,81.912529,77.526047
2021-05-25 13:30:00,201.839279,56.213810,323.124146,21.351305,72.903038,99.770523,177.949997,81.887749,77.526047
2021-05-26 13:30:00,202.566360,56.341637,324.249817,21.348518,72.877441,99.657463,177.639999,82.251427,77.526047
2021-05-27 13:30:00,202.939133,56.469437,323.036774,21.432240,72.774986,99.483582,177.710007,82.061310,77.534500
2021-05-28 13:30:00,203.284012,56.597256,324.055695,21.468513,72.766510,99.474884,178.380005,82.557236,77.534500
2021-06-01 13:30:00,203.367920,57.134087,322.978607,21.482466,72.761375,99.456612,177.899994,84.045059,77.526047
2021-06-02 13:30:00,203.638260,57.261902,323.609344,21.546656,72.838272,99.569702,178.770004,85.028687,77.526047
2021-06-03 13:30:00,202.734100,56.827332,320.241882,21.532698,72.701538,99.317413,175.270004,84.714561,77.526047
2021-06-04 13:30:00,204.495819,57.372681,325.676300,21.669443,72.992157,99.865601,177.160004,84.755913,77.534500
2021-06-07 13:30:00,204.663559,57.415279,326.646820,21.574562,72.940880,99.787262,177.869995,85.756050,77.517578
2021-06-08 13:30:00,205.082993,57.321545,326.802002,21.552235,73.077682,100.074409,177.320007,86.466904,77.517578
2021-06-09 13:30:00,204.505066,57.125568,326.879700,21.485260,73.222969,100.387657,176.979996,86.582603,77.517578
2021-06-10 13:30:00,205.409256,57.381207,330.285919,21.546656,73.376831,100.744415,177.740005,87.202545,77.517578
2021-06-11 13:30:00,206.015137,57.449368,331.149567,21.580141,73.359741,100.596481,175.740005,86.855408,77.526047
2021-06-14 13:30:00,206.332031,57.517548,334.322937,21.474098,73.171677,100.283234,174.710007,87.194283,77.517578
2021-06-15 13:30:00,205.791443,57.466408,332.139435,21.462933,73.171677,100.300659,174.050003,86.260269,77.517578
2021-06-16 13:30:00,204.766083,56.972191,330.926361,21.301073,72.966537,99.613220,171.110001,85.698196,77.526047
2021-06-17 13:30:00,204.570374,56.708031,335.128265,21.019218,73.214432,99.970039,165.850006,85.590775,77.517578
2021-06-18 13:30:00,202.035004,55.804783,332.498474,20.642481,73.445198,100.535591,164.929993,84.135971,77.526047
2021-06-21 13:30:00,204.822006,56.453243,334.564941,21.016426,73.188774,100.213615,166.949997,85.871780,77.517578
2021-06-22 13:30:00,205.987152,56.444653,337.683685,21.044340,73.291344,100.396362,166.250000,85.425415,77.517578
2021-06-23 13:30:00,205.903259,56.272865,337.848816,20.948767,73.240074,100.196243,166.139999,85.276634,77.517578
2021-06-24 13:30:00,207.301041,56.779610,339.937683,21.089312,73.274261,100.178833,166.039993,85.092667,77.526047
2021-06-25 13:30:00,208.077103,57.037270,339.519867,21.227034,73.137482,99.970039,166.589996,85.667061,77.526047
2021-06-28 13:30:00,208.310837,56.805370,343.649048,21.165199,73.334076,100.283234,166.580002,85.417358,77.517578
2021-06-29 13:30:00,208.320175,56.788204,344.892548,21.142712,73.368309,100.335449,164.830002,85.184250,77.517578
2021-06-30 13:30:00,208.329544,56.410294,344.348541,21.255142,73.419579,100.492073,165.630005,84.734726,77.517578
2021-07-01 13:30:00,209.460831,56.461815,344.484497,21.353521,73.412735,100.419807,166.199997,85.101013,77.526047
2021-07-02 13:30:00,210.620193,56.539120,348.438782,21.381628,73.541153,100.785545,167.289993,85.359070,77.517578
2021-07-06 13:30:00,210.162048,56.075325,349.944733,21.153955,73.806534,101.316666,168.119995,85.983391,77.509079
2021-07-07 13:30:00,210.442551,56.255695,350.683044,21.249521,73.960609,101.612679,168.759995,86.283081,77.509079
2021-07-08 13:30:00,208.666077,55.396828,348.565094,21.058386,74.029129,101.873917,168.649994,86.041679,77.517578
2021-07-09 13:30:00,211.190521,56.350163,350.741302,21.370384,73.797958,101.360214,169.210007,87.456825,77.517578
2021-07-12 13:30:00,211.779541,56.470417,352.111267,21.420982,73.772293,101.307938,169.000000,88.206024,77.517578
2021-07-13 13:30:00,210.601486,56.307228,352.111267,21.305738,73.541153,100.994469,169.220001,86.974007,77.517578
2021-07-14 13:30:00,210.311661,56.401703,352.742737,21.331036,73.789421,101.429817,171.039993,87.581680,77.509079
2021-07-15 13:30:00,209.573013,56.109699,350.265320,21.373196,73.969185,101.856468,171.070007,87.723206,77.517578
2021-07-16 13:30:00,207.927521,55.680264,347.428406,21.207359,73.900696,101.839058,169.410004,87.664932,77.517578
2021-07-19 13:30:00,204.972977,54.735504,344.581696,20.864447,74.320206,102.709824,169.610001,86.066650,77.509079
2021-07-20 13:30:00,208.516495,55.053288,348.584503,21.142712,74.243187,102.579185,169.389999,88.097816,77.509079
2021-07-21 13:30:00,210.386429,55.757553,351.275818,21.305738,74.003448,101.987122,168.759995,88.089485,77.509079
2021-07-22 13:30:00,210.564102,55.826271,353.597687,21.142712,74.166084,102.222214,169.089996,87.390236,77.517578
2021-07-23 13:30:00,212.667786,55.886387,357.726898,21.308552,74.080490,102.065491,168.559998,88.114449,77.509079
2021-07-26 13:30:00,213.097809,55.654495,358.008545,21.361956,74.037697,101.995811,168.160004,88.156082,77.517578
2021-07-27 13:30:00,211.947861,55.164948,354.064026,21.345091,74.226059,102.431175,168.440002,88.655540,77.509079
2021-07-28 13:30:00,212.275085,55.757553,355.424286,21.316982,74.294548,102.518227,169.289993,88.347549,77.509079
2021-07-29 13:30:00,213.210007,56.101105,356.055817,21.449085,74.166084,102.204765,171.169998,88.364204,77.517578
2021-07-30 13:30:00,211.947861,55.774731,354.200134,21.392876,74.277397,102.492126,169.820007,88.480728,77.509079
2021-08-02 13:30:00,211.648636,56.006618,354.229279,21.356329,74.454048,102.941689,169.610001,88.289268,77.509079
2021-08-03 13:30:00,213.163330,56.375946,356.376404,21.606491,74.471214,102.967850,169.490005,88.397491,77.509079
2021-08-04 13:30:00,212.209656,56.324406,356.891296,21.333847,74.471214,102.941689,169.529999,88.122780,77.509079
2021-08-05 13:30:00,213.724258,56.487579,359.155060,21.451900,74.299690,102.567009,168.860001,89.155029,77.509079
2021-08-06 13:30:00,213.986038,56.221340,357.581055,21.519354,73.948151,101.965851,164.639999,88.996857,77.517578
2021-08-09 13:30:00,213.901917,56.229927,358.241791,21.502495,73.810951,101.748039,161.720001,88.522354,77.517578
2021-08-10 13:30:00,214.042175,56.332985,356.405487,21.696436,73.699478,101.556343,161.770004,87.681580,77.509079
2021-08-11 13:30:00,214.462891,56.676537,355.793488,21.811680,73.750931,101.669640,164.000000,88.197693,77.509079
2021-08-12 13:30:00,215.061279,56.487579,357.075958,21.831352,73.759468,101.565063,164.039993,88.389168,77.509079
2021-08-13 13:30:00,215.182785,56.676537,358.329285,21.876329,74.051018,102.148827,166.389999,88.871994,77.517578
2021-08-16 13:30:00,215.266983,56.298653,358.484711,21.960651,74.119629,102.375359,167.220001,88.763779,77.500610
2021-08-17 13:30:00,213.668198,55.611553,355.327240,21.811680,74.042465,102.323120,166.970001,88.672203,77.500610
2021-08-18 13:30:00,211.536438,55.499897,351.907196,21.499685,74.025314,102.270821,167.100006,87.864738,77.500610
2021-08-19 13:30:00,211.377487,54.847157,353.607452,21.502495,74.188210,102.497360,166.610001,88.289268,77.517578
2021-08-20 13:30:00,213.275513,54.993168,357.270172,21.620548,74.171074,102.401489,166.699997,88.730476,77.517578
2021-08-23 13:30:00,215.341766,55.585773,362.613800,21.755463,74.188210,102.427643,168.729996,88.563972,77.500610
2021-08-24 13:30:00,216.108444,56.092518,363.721313,21.738600,74.042465,102.148827,168.649994,88.172729,77.500610
2021-08-25 13:30:00,216.725494,56.144051,364.139160,21.780764,73.922424,101.748039,167.479996,88.114449,77.500610
2021-08-26 13:30:00,215.276352,55.766148,361.826782,21.671143,73.930984,101.748039,167.669998,88.147751,77.509079
2021-08-27 13:30:00,217.595047,56.375946,365.343811,21.851028,74.145340,102.079170,170.190002,89.071785,77.509079
2021-08-30 13:30:00,218.417831,56.393124,369.443909,21.822918,74.231102,102.279518,169.350006,89.962494,77.509079
2021-08-31 13:30:00,218.006439,56.590652,369.142639,21.839787,74.136818,102.087852,169.690002,90.387016,77.500610
2021-09-01 13:30:00,218.389755,57.088802,369.754669,21.738600,74.149666,102.131409,169.699997,91.835495,77.500610
2021-09-02 13:30:00,219.128387,57.243401,369.579834,21.876329,74.252716,102.253525,169.250000,92.318321,77.517578
2021-09-03 13:30:00,219.053558,57.543995,370.716553,21.865084,74.098137,102.009392,171.059998,92.334961,77.500610
2021-09-07 13:30:00,218.109299,57.526825,371.241150,21.575571,73.883430,101.608330,167.710007,91.294411,77.500610
2021-09-08 13:30:00,217.595047,56.942791,369.949097,21.586819,74.003662,101.887329,167.289993,91.752258,77.500610
2021-09-09 13:30:00,216.837708,56.891251,368.676270,21.471575,74.269875,102.175026,168.029999,89.887573,77.500610
2021-09-10 13:30:00,215.117371,56.788204,365.878204,21.370384,74.089539,101.852417,167.179993,88.572334,77.509079
2021-09-13 13:30:00,215.603546,57.157505,365.625610,21.474380,74.201202,101.974480,167.740005,89.171669,77.509079
2021-09-14 13:30:00,214.304001,56.865498,364.586029,21.325417,74.381569,102.358124,168.820007,89.013496,77.500610
2021-09-15 13:30:00,216.071045,57.002914,367.296661,21.516548,74.312843,102.183708,167.830002,89.296532,77.500610
2021-09-16 13:30:00,215.874725,56.728081,367.549286,21.373196,74.175446,101.861145,164.029999,89.371445,77.509079
2021-09-17 13:30:00,214.145020,56.118275,363.196747,21.235464,74.080940,101.564697,163.770004,88.572334,77.500610
2021-09-20 13:30:00,210.433197,54.941216,355.691895,20.940334,74.287079,102.079124,164.940002,88.031212,77.509079
2021-09-21 13:30:00,210.414490,55.433460,356.129517,20.864447,74.269875,102.018082,166.039993,88.072823,77.500610
2021-09-22 13:30:00,212.536880,55.873882,359.455994,21.047754,74.347183,102.114006,165.419998,88.930260,77.500610
2021-09-23 13:30:00,215.126755,56.435219,362.772675,21.331074,73.952156,101.189812,163.509995,88.755447,77.509079
2021-09-24 13:30:00,215.383728,55.899796,363.113037,21.373569,73.797554,100.884666,163.300003,87.806427,77.500610
2021-09-27 13:30:00,214.914749,55.986145,360.214630,21.512396,73.711678,100.614365,163.639999,86.625412,77.500610
2021-09-28 13:30:00,210.412735,54.906677,350.021393,21.257410,73.393936,100.230743,162.050003,86.039085,77.500610
2021-09-29 13:30:00,210.553406,54.673508,349.447601,21.359404,73.402496,100.335403,161.320007,86.684021,77.509079
2021-09-30 13:30:00,208.274277,54.630329,348.163696,21.033590,73.385330,100.457436,164.220001,85.251724,77.509079
2021-10-01 13:30:00,211.144302,54.785767,350.322968,21.314072,73.634766,100.867493,164.589996,86.457893,77.509079
2021-10-04 13:30:00,207.964767,54.215801,342.969818,21.229074,73.583160,100.745323,165.360001,86.474632,77.492104
2021-10-05 13:30:00,209.906281,54.543964,347.599548,21.356567,73.402534,100.431305,164.589996,85.879929,77.500610
2021-10-06 13:30:00,210.778473,54.224445,349.826874,21.390564,73.436913,100.457436,165.029999,86.700790,77.500610
2021-10-07 13:30:00,212.804443,54.846218,353.036621,21.552059,73.230484,100.056091,164.160004,86.935326,77.500610
2021-10-08 13:30:00,212.335495,54.915306,351.276215,21.546394,73.049881,99.837959,164.229996,86.114479,77.500610
2021-10-11 13:30:00,210.806656,54.751228,348.581970,21.441570,72.938065,99.593658,163.919998,86.332237,77.500610
2021-10-12 13:30:00,210.656586,54.716679,347.366089,21.336733,73.204697,100.047394,164.660004,87.463028,77.500610
2021-10-13 13:30:00,211.613281,55.338463,350.147858,21.390564,73.402534,100.239326,167.589996,88.099602,77.500610
2021-10-14 13:30:00,215.130478,55.804794,356.596436,21.719215,73.531540,100.474907,168.000000,89.171738,77.492104
2021-10-15 13:30:00,216.406052,56.288403,358.843109,21.815546,73.350883,99.977562,165.330002,89.104721,77.500610
2021-10-18 13:30:00,217.193878,56.115688,362.451630,21.744715,73.307907,99.837959,164.919998,89.330879,77.492104
2021-10-19 13:30:00,218.778976,56.564747,365.194550,21.937374,73.101479,99.480263,165.449997,89.372757,77.492104
2021-10-20 13:30:00,219.632446,56.711563,364.717926,22.149862,73.015465,99.436584,166.899994,90.779938,77.492104
2021-10-21 13:30:00,220.232758,56.374763,366.945221,22.039371,72.912247,99.174889,166.750000,90.905579,77.492104
2021-10-22 13:30:00,219.810699,56.547482,363.862061,22.098862,73.067062,99.427948,167.770004,91.332764,77.492104
2021-10-25 13:30:00,221.161301,56.607925,367.587158,22.152697,73.101479,99.550056,168.929993,91.625908,77.500610
2021-10-26 13:30:00,221.076904,56.564747,368.744568,22.093199,73.247696,99.672188,167.679993,91.877190,77.483635
2021-10-27 13:30:00,219.566833,56.262497,369.600525,21.790045,73.514336,100.230614,168.119995,91.098251,77.483635
2021-10-28 13:30:00,221.911606,56.677010,373.705017,21.968536,73.419754,99.968842,168.080002,92.371391,77.500610
2021-10-29 13:30:00,222.202377,56.202042,375.543335,21.960039,73.436913,100.012482,166.649994,91.332764,77.500610
2021-11-01 13:30:00,223.309143,56.746105,376.827240,22.008202,73.380066,100.004646,167.520004,91.785065,77.500610
2021-11-02 13:30:00,224.003174,56.461117,378.402832,22.158363,73.517921,100.249084,167.160004,92.220634,77.483635
2021-11-03 13:30:00,225.588242,56.832466,382.419861,22.288692,73.388680,99.934769,165.770004,92.530533,77.483635
2021-11-04 13:30:00,226.441788,56.772003,387.321930,22.215027,73.724670,100.476105,167.649994,91.651047,77.492104
2021-11-05 13:30:00,227.314056,56.892910,387.691559,22.351021,73.948631,101.026161,169.839996,92.120117,77.492104
2021-11-08 14:30:00,227.689209,57.074257,387.166260,22.334019,73.784973,100.589577,170.449997,92.044746,77.500610
2021-11-09 14:30:00,227.032639,56.901546,384.501343,22.291519,73.991730,101.052338,171.289993,92.203873,77.483635
2021-11-10 14:30:00,224.800430,56.331581,378.850281,22.319855,73.492088,100.187981,173.149994,91.776688,77.483635
2021-11-11 14:30:00,225.072433,56.702923,379.900726,22.359520,73.371452,99.864914,174.119995,91.927460,77.492104
2021-11-12 14:30:00,226.741913,57.031105,383.898315,22.421846,73.380066,100.074486,174.449997,91.860443,77.492104
2021-11-15 14:30:00,226.741913,56.910187,383.810669,22.436018,73.078568,99.681557,174.179993,92.505417,77.492104
2021-11-16 14:30:00,227.717331,56.789284,386.543823,22.461512,73.026871,99.594254,172.919998,91.893951,77.483635
2021-11-17 14:30:00,226.779449,56.659752,386.748138,22.373686,73.181946,99.952217,174.500000,92.178749,77.483635
2021-11-18 14:30:00,227.135818,56.504299,390.755341,22.285852,73.268074,100.013351,173.940002,92.195518,77.492104
2021-11-19 14:30:00,226.488693,56.141609,392.933990,22.144201,73.423134,100.283997,172.610001,91.651047,77.492104
2021-11-22 14:30:00,225.400696,55.787533,388.372314,22.249023,73.061356,99.550606,168.740005,91.198730,77.492104
2021-11-23 14:30:00,225.475739,55.752975,386.602203,22.373686,72.768463,99.140266,167.279999,91.935837,77.483635
2021-11-24 14:30:00,226.235428,55.528454,387.847076,22.305691,72.940720,99.445824,167.119995,93.049858,77.492104
2021-11-26 14:30:00,221.339523,53.939457,380.493988,21.897707,73.457558,100.729286,166.850006,90.461639,77.483635
2021-11-29 14:30:00,223.421692,54.172630,388.751678,21.971371,73.448990,100.502335,166.619995,91.131737,77.492104
2021-11-30 14:30:00,218.957169,53.809921,383.042358,21.509562,73.586815,101.104744,165.500000,89.406258,77.483635
2021-12-01 14:30:00,215.871445,53.550846,376.525757,21.410400,73.634247,101.295227,166.160004,87.932068,77.492104
2021-12-02 14:30:00,219.379211,54.258984,379.239349,21.730549,73.642899,101.076721,165.240005,90.570549,77.492104
2021-12-03 14:30:00,216.837494,53.870377,372.644867,21.770216,73.927643,101.670944,166.630005,90.268997,77.483635
2021-12-06 14:30:00,219.623093,54.397152,375.630920,21.985538,73.729195,101.164139,166.220001,91.852074,77.483635
2021-12-07 14:30:00,224.322067,55.442093,386.942474,22.220690,73.565262,100.779678,166.809998,93.175491,77.483635
2021-12-08 14:30:00,225.288162,55.571629,388.673859,22.169291,73.340919,100.456367,166.899994,93.845581,77.492104
2021-12-09 14:30:00,223.140320,55.157104,382.954803,22.120739,73.375427,100.709763,165.880005,92.488670,77.483635
2021-12-10 14:30:00,224.659714,55.243462,387.117676,22.354910,73.401321,100.779678,166.580002,92.773438,77.492104
2021-12-13 14:30:00,222.615082,54.569874,381.524963,22.280661,73.651535,101.260239,167.000000,93.644554,77.492104
2021-12-14 14:30:00,220.945587,54.353977,377.576141,22.266382,73.530731,101.085503,165.440002,92.446808,77.492104
2021-12-15 14:30:00,224.350204,54.803043,386.183929,22.557671,73.435829,100.936935,166.149994,93.745079,77.492104
2021-12-16 14:30:00,221.836609,54.872131,376.253326,22.720451,73.530731,101.230835,168.160004,93.711555,77.483635
2021-12-17 14:30:00,220.823639,54.293518,374.376099,22.449154,73.660172,101.458183,167.800003,93.594292,77.492104
2021-12-20 14:30:00,217.719131,53.926189,370.744598,22.300657,73.539368,101.370750,167.089996,92.865570,77.483635
2021-12-21 14:30:00,221.986664,54.645084,379.041931,22.477711,73.461693,100.968414,167.020004,93.912598,77.475174
2021-12-22 14:30:00,224.181412,55.136036,383.658142,22.603363,73.539368,101.064636,168.589996,94.875839,77.475174
2021-12-23 14:30:00,225.728973,55.442890,386.550568,22.731873,73.427681,100.854752,168.970001,94.775330,77.475174
2021-12-27 14:30:00,228.693039,55.846172,392.939270,23.000317,73.462334,100.889763,169.369995,96.384270,77.483635
2021-12-28 14:30:00,228.222427,55.784805,391.118011,23.046007,73.453667,100.872246,168.639999,96.739372,77.475174
2021-12-29 14:30:00,228.354202,55.732201,391.059601,23.091698,73.211319,100.356255,168.589996,97.390396,77.475174
2021-12-30 14:30:00,227.987076,55.811100,389.890991,23.048862,73.375748,100.688583,169.800003,97.813133,77.483635
2021-12-31 14:30:00,227.262329,55.732201,387.456238,23.083128,73.358459,100.574905,170.960007,98.083687,77.483635
2022-01-03 14:30:00,228.702454,56.091648,391.186188,23.077421,72.865082,99.639076,168.330002,97.314301,77.475174
2022-01-04 14:30:00,228.269470,56.161781,386.112335,23.357286,72.856407,99.586594,169.570007,97.195930,77.483635
2022-01-05 14:30:00,223.318344,55.600693,374.250488,23.208782,72.605392,99.166832,169.059998,94.414307,77.483635
2022-01-06 14:30:00,223.261871,55.442890,373.987549,23.277325,72.527481,98.921928,166.990005,94.498871,77.483635
2022-01-07 14:30:00,222.245316,55.688370,369.936249,23.317303,72.328407,98.598373,167.750000,93.873207,77.483635
2022-01-10 14:30:00,221.859360,55.276310,370.179749,23.317303,72.267838,98.572144,168.259995,93.332108,77.475174
2022-01-11 14:30:00,224.071365,56.065346,375.740570,23.400120,72.414978,98.808273,170.289993,93.475838,77.466713
2022-01-12 14:30:00,224.419617,56.722874,377.230560,23.388699,72.388977,98.825752,170.740005,93.585739,77.475174
2022-01-13 14:30:00,221.134598,56.231926,367.793732,23.357286,72.510178,99.140602,170.160004,93.399734,77.483635
2022-01-14 14:30:00,221.219299,56.179317,370.082306,23.334440,72.112015,98.458443,169.669998,92.554260,77.483635
2022-01-18 14:30:00,216.917633,55.346443,360.869507,23.063143,71.661911,97.715073,169.389999,91.581963,77.466713
2022-01-19 14:30:00,214.639755,55.390285,356.905823,22.797556,71.835052,97.951187,172.080002,90.347565,77.483635
2022-01-20 14:30:00,212.135956,55.232483,352.270203,22.477711,71.912903,98.161087,171.649994,89.189278,77.483635
2022-01-21 14:30:00,207.937836,54.434669,342.502136,22.177855,72.181274,98.729553,171.089996,88.969452,77.475174
2022-01-24 14:30:00,209.274445,53.803444,344.070099,22.269243,72.068748,98.642113,172.029999,89.138535,77.483635
2022-01-25 14:30:00,206.347076,53.601799,336.094086,22.283518,71.973526,98.510910,172.580002,88.783447,77.466713
2022-01-26 14:30:00,205.547028,53.259892,335.568237,22.106459,71.575340,97.811279,169.789993,87.396873,77.475174
2022-01-27 14:30:00,204.022156,52.882908,332.188843,22.017935,71.809052,98.222343,167.600006,85.951088,77.483635
2022-01-28 14:30:00,209.048569,53.137150,342.609314,22.294941,71.895615,98.449699,167.100006,88.732704,77.466713
2022-01-31 14:30:00,213.491364,54.154137,353.565430,22.452007,71.843704,98.449699,168.089996,89.823387,77.483635
2022-02-01 14:30:00,215.119797,54.618778,355.970886,22.586229,71.815063,98.316666,168.229996,89.502083,77.475174
2022-02-02 14:30:00,216.541153,54.899330,358.863190,22.768997,71.919106,98.517975,168.839996,90.643501,77.483635
2022-02-03 14:30:00,211.392334,54.162899,344.313629,22.517689,71.615639,98.097771,168.600006,89.679649,77.483635
2022-02-04 14:30:00,212.794846,54.250568,348.657104,22.429163,71.173492,97.344963,168.860001,88.791893,77.466713
2022-02-07 14:30:00,212.258347,54.329475,345.852325,22.486277,71.234192,97.371223,170.110001,88.665085,77.466713
2022-02-08 14:30:00,214.206741,54.645084,349.738068,22.669046,71.000084,97.056030,170.630005,88.250793,77.475174
2022-02-09 14:30:00,217.689514,55.539330,357.149261,22.774708,71.052086,97.187363,171.210007,90.246109,77.466713
2022-02-10 14:30:00,213.999695,54.908092,349.066071,22.392036,70.401817,96.294472,170.559998,88.115509,77.466713
2022-02-11 14:30:00,209.848633,54.154137,337.993134,22.237827,70.861343,97.292412,173.809998,87.312309,77.466713
2022-02-14 14:30:00,209.076813,53.829754,338.411865,22.066477,70.462517,96.618370,174.740005,86.517563,77.458237
2022-02-15 14:30:00,212.794846,54.811657,346.826202,22.286371,70.315140,96.329468,173.080002,87.295403,77.475174
2022-02-16 14:30:00,212.992508,55.057137,346.738495,22.314932,70.410515,96.530807,174.860001,87.701248,77.475174
2022-02-17 14:30:00,208.154388,54.294399,336.425232,22.066477,70.566574,97.047287,177.250000,86.771217,77.466713
2022-02-18 14:30:00,206.488281,53.952484,332.588104,22.086472,70.687943,97.362465,177.119995,86.247009,77.475174
2022-02-22 14:30:00,204.116272,53.312492,329.247742,21.886568,70.644592,97.353691,177.490005,85.934189,77.475174
2022-02-23 14:30:00,200.360565,52.786476,320.813965,21.609556,70.289139,96.845924,178.289993,84.513779,77.466713
2022-02-24 14:30:00,203.871536,52.111404,331.594788,21.458200,70.445198,97.073563,177.139999,85.934189,77.466713
2022-02-25 14:30:00,208.408493,53.294960,336.736816,22.109316,70.505852,97.047287,176.550003,88.005592,77.466713
2022-02-28 14:30:00,208.182602,52.611118,337.739868,22.017935,71.026100,98.150284,178.380005,86.695122,77.466713
2022-03-01 14:30:00,204.935165,51.629219,332.568634,21.626696,71.398628,99.106194,181.619995,86.238564,77.485359
2022-03-02 14:30:00,208.822647,52.172771,338.148956,22.132162,70.521561,97.616707,179.729996,87.853424,77.485359
2022-03-03 14:30:00,207.231888,51.374966,333.318542,22.214979,70.834167,98.037262,180.800003,88.572067,77.493820
2022-03-04 14:30:00,205.161072,50.182652,328.488068,22.172142,71.085983,99.009865,183.679993,88.977898,77.493820
2022-03-07 14:30:00,198.835678,48.587048,316.373108,21.778049,70.738640,98.589272,186.410004,87.219299,77.493820
2022-03-08 14:30:00,197.715576,48.867592,314.902588,21.555300,70.408646,97.949654,191.509995,86.796577,77.493820
2022-03-09 14:30:00,203.203217,50.550861,326.238525,21.886568,70.217613,97.345116,185.820007,88.132423,77.493820
2022-03-10 14:30:00,202.290192,49.919640,322.615631,21.740919,69.844185,96.898209,186.399994,88.352249,77.493820
2022-03-11 14:30:00,199.541656,49.323483,315.925110,21.618126,69.792122,96.871925,185.089996,87.650513,77.485359
2022-03-14 13:30:00,197.574371,49.253342,309.857880,21.740919,69.149513,95.645264,182.300003,86.965668,77.493820
2022-03-15 13:30:00,201.697220,49.595264,319.577209,22.023645,69.262413,95.601471,178.889999,87.549049,77.476883
2022-03-16 13:30:00,206.742432,51.743187,331.429230,22.246391,69.366592,95.470032,180.009995,88.588982,77.493820
2022-03-17 13:30:00,209.509766,52.006195,335.441589,22.443439,69.427376,95.286049,180.889999,89.958656,77.493820
2022-03-18 13:30:00,211.957108,52.611118,342.307434,22.491987,69.627106,95.566414,179.300003,89.958656,77.485359
2022-03-21 13:30:00,211.759430,52.224728,341.355743,22.529112,68.915039,94.322205,180.669998,89.409088,77.485359
2022-03-22 13:30:00,214.357376,52.786758,348.064331,22.686176,68.741341,93.805229,179.360001,89.637375,77.485359
2022-03-23 13:30:00,211.437820,52.242298,343.062103,22.409655,69.053986,94.436127,181.809998,88.631721,77.502289
2022-03-24 13:30:00,214.449921,52.602348,350.687195,22.622366,68.967148,93.910431,183.130005,89.192787,77.502289
2022-03-25 13:30:00,215.365768,52.567219,350.394714,22.840832,68.359283,92.946617,182.380005,90.306404,77.485359
2022-03-28 13:30:00,216.763229,52.470619,355.816223,22.794836,68.558998,93.156883,179.059998,91.267021,77.485359
2022-03-29 13:30:00,220.049103,53.498066,361.939697,23.013298,68.862938,93.621277,179.139999,93.944847,77.485359
2022-03-30 13:30:00,218.264542,53.313660,357.941833,22.952932,69.019279,93.989250,180.580002,93.264755,77.502289
2022-03-31 13:30:00,214.969223,52.461842,353.505249,22.676981,69.071342,94.164490,180.649994,92.125626,77.502289
2022-04-01 13:30:00,215.828461,53.032642,352.832428,22.774715,68.921593,93.551331,179.500000,93.919342,77.502289
2022-04-04 13:30:00,217.660217,53.462955,360.096771,22.806334,68.973869,93.489937,180.369995,93.460289,77.493820
2022-04-05 13:30:00,214.478226,52.734066,352.101105,22.671236,68.277412,92.375931,179.240005,93.001236,77.485359
2022-04-06 13:30:00,212.013809,52.075443,344.456482,22.699978,68.068489,92.051338,179.660004,94.106354,77.493820
2022-04-07 13:30:00,212.816422,52.040310,345.275574,22.791967,67.929192,91.823303,180.339996,93.171242,77.493820
2022-04-08 13:30:00,212.155472,52.057877,340.448914,22.840832,67.563568,91.358398,181.470001,93.324265,77.485359
2022-04-11 13:30:00,208.841278,51.443161,332.394775,22.679855,67.250183,90.919815,182.369995,92.321152,77.493820
2022-04-12 13:30:00,208.199203,51.162140,330.990692,22.613745,67.467789,91.358398,183.770004,92.185135,77.493820
2022-04-13 13:30:00,210.928009,51.768093,337.718658,22.751719,67.546135,91.560150,184.649994,92.839699,77.493820
2022-04-14 13:30:00,208.359711,51.425594,329.996063,22.622366,67.084747,90.735596,184.039993,92.440170,77.485359
2022-04-18 13:30:00,208.000900,51.232399,330.249664,22.584999,66.867119,90.472466,184.610001,92.066116,77.493820
2022-04-19 13:30:00,211.664459,51.337784,337.630951,22.832207,66.449242,89.875999,181.820007,94.072365,77.485359
2022-04-20 13:30:00,211.390671,51.522194,332.706818,23.065044,66.867119,90.577705,182.710007,95.636551,77.502289
2022-04-21 13:30:00,207.934830,50.854790,325.822693,22.866697,66.510178,90.077705,182.059998,94.973465,77.502289
2022-04-22 13:30:00,202.269562,50.064438,317.290771,22.352161,66.423141,90.121544,180.289993,93.307259,77.493820
2022-04-25 13:30:00,203.374283,49.721947,321.366608,22.398155,66.840988,90.700539,177.050003,93.069237,77.502289
2022-04-26 13:30:00,197.576782,48.448605,309.236633,22.015846,67.015091,91.305786,177.320007,91.539047,77.493820
2022-04-27 13:30:00,197.963913,48.773529,308.866058,22.050339,66.806145,90.797005,175.979996,90.935471,77.493820
2022-04-28 13:30:00,202.788864,49.493622,319.835724,22.363661,66.780045,90.665405,176.929993,92.610191,77.510773
2022-04-29 13:30:00,195.339020,49.054539,305.443604,21.742767,66.327362,90.182999,176.910004,88.359688,77.493820
2022-05-02 13:30:00,196.811996,48.905254,310.543304,21.826128,65.988113,89.511108,173.630005,86.225906,77.502289
2022-05-03 13:30:00,197.746765,49.326767,310.874786,21.989975,66.145065,89.616486,174.089996,87.297043,77.493820
2022-05-04 13:30:00,203.544220,50.038090,321.386139,22.653986,66.572441,90.196152,175.800003,88.300156,77.510773
2022-05-05 13:30:00,196.037720,48.439819,305.199707,22.090584,65.909592,89.291542,175.130005,85.945381,77.510773
2022-05-06 13:30:00,194.460846,47.939270,301.543243,22.142323,65.630508,88.782143,175.419998,84.925262,77.510773
2022-05-09 13:30:00,187.568130,46.472713,289.744751,21.843374,65.927040,89.440849,172.880005,81.184792,77.502289
2022-05-10 13:30:00,187.945816,46.709831,293.264832,21.734146,66.118927,89.739449,171.419998,79.705627,77.502289
2022-05-11 13:30:00,184.546631,46.455162,284.567139,21.561674,66.345695,90.292732,172.820007,79.535606,77.502289
2022-05-12 13:30:00,184.744919,46.279522,283.894348,21.691025,66.476524,90.591347,170.169998,80.156181,77.510773
2022-05-13 13:30:00,189.692596,47.526535,294.415405,21.932484,66.232307,90.117104,168.789993,82.272942,77.519279
2022-05-16 13:30:00,188.757843,47.517742,291.002625,22.007223,66.336967,90.494759,170.399994,81.754364,77.510773
2022-05-17 13:30:00,192.789627,48.492512,298.540009,22.406780,65.944496,89.809723,169.330002,82.868019,77.510773
2022-05-18 13:30:00,185.245377,47.377235,283.884613,21.708275,66.223602,90.450829,169.419998,80.462212,77.510773
2022-05-19 13:30:00,184.423904,47.895355,282.363464,21.386328,66.363129,90.775780,171.910004,80.105171,77.527740
2022-05-20 13:30:00,184.423904,48.167583,281.485870,21.481190,66.563698,91.197334,172.029999,80.615242,77.527740
2022-05-23 13:30:00,187.577606,48.861340,286.166290,21.751389,66.328262,90.644020,172.830002,81.550354,77.527740
2022-05-24 13:30:00,185.698578,48.474949,280.081818,21.877871,66.868988,91.425697,174.130005,82.238922,77.519279
2022-05-25 13:30:00,187.766388,48.553986,284.001617,22.096334,67.139374,91.610130,173.080002,82.936012,77.527740
2022-05-26 13:30:00,191.609360,49.133572,291.870514,22.395281,67.069580,91.566223,172.759995,83.038017,77.544708
2022-05-27 13:30:00,196.462585,49.757076,301.397034,22.743095,67.261436,91.697968,172.850006,85.265297,77.527740
2022-05-31 13:30:00,194.847992,49.800987,300.597443,22.590746,66.877693,90.740700,171.139999,84.219681,77.519279
2022-06-01 13:30:00,193.563904,49.317993,298.374237,22.401030,66.578835,90.229774,172.229996,83.522583,77.520119
2022-06-02 13:30:00,197.510696,50.301537,306.545380,22.590746,66.640015,90.361687,174.350006,84.670227,77.537064
2022-06-03 13:30:00,194.357010,49.537529,298.569305,22.435526,66.543892,90.185768,172.580002,83.539566,77.520119
2022-06-06 13:30:00,194.932983,49.757076,299.563873,22.458515,66.150650,89.508675,171.820007,83.276047,77.528595
2022-06-07 13:30:00,197.048004,49.906361,302.147827,22.674105,66.377861,89.869232,172.940002,84.423691,77.520119
2022-06-08 13:30:00,194.838531,49.502407,299.973419,22.332039,66.106979,89.535065,172.779999,82.476952,77.528595
2022-06-09 13:30:00,190.174179,48.466171,291.938690,21.923862,66.019600,89.455933,172.229996,80.521721,77.537064
2022-06-10 13:30:00,184.527740,47.500183,281.641937,21.472563,65.460312,88.576584,174.539993,78.736511,77.520119
2022-06-13 13:30:00,176.992905,45.901909,268.546631,20.863169,64.402954,87.002548,169.929993,74.800537,77.528595
2022-06-14 13:30:00,176.492462,45.796528,269.034119,20.739567,64.053429,86.307877,168.570007,74.230957,77.520119
2022-06-15 13:30:00,179.060776,46.507847,275.752411,20.808552,64.787445,87.512596,170.770004,75.990685,77.528595
2022-06-16 13:30:00,172.810059,45.304756,264.626862,20.291143,64.927277,88.084183,172.690002,73.992928,77.545540
2022-06-17 13:30:00,173.461578,45.164253,267.844543,20.210653,64.962219,88.110497,171.270004,74.554001,77.537064
2022-06-21 13:30:00,177.663315,45.936222,274.602112,20.687819,64.665131,87.653313,170.630005,75.591125,77.554039
2022-06-22 13:30:00,177.635025,45.429867,274.201569,20.581577,65.198166,88.761292,171.309998,76.551743,77.562508
2022-06-23 13:30:00,179.245636,45.367676,278.285187,20.642540,65.512756,89.262482,170.259995,78.006119,77.562508
2022-06-24 13:30:00,185.037842,46.602470,287.820312,21.194088,65.390411,88.945915,170.089996,79.665833,77.545540
2022-06-27 13:30:00,184.469055,46.549175,285.710052,21.196991,65.075821,88.444672,169.899994,79.546059,77.545540
2022-06-28 13:30:00,180.667618,46.309326,277.005463,20.976372,65.110802,88.558983,169.619995,78.579330,77.562508
2022-06-29 13:30:00,180.364243,46.016171,277.259399,20.857353,65.486526,89.271263,169.490005,78.091675,77.570999
2022-06-30 13:30:00,178.809555,45.847382,273.820557,20.793488,65.766159,89.957176,168.460007,77.946243,77.579453
2022-07-01 13:30:00,180.696060,45.829617,275.627960,20.950245,66.290657,90.921509,168.320007,79.349274,77.573547
2022-07-05 13:30:00,181.340668,44.985695,280.346619,20.799294,66.404449,91.256187,164.750000,79.126846,77.573547
2022-07-06 13:30:00,181.700912,44.905739,282.144135,20.854450,66.001694,90.481140,162.139999,78.981422,77.573547
2022-07-07 13:30:00,184.696564,45.687477,288.181793,21.086679,65.817833,89.926353,162.229996,79.195312,77.573547
2022-07-08 13:30:00,184.506973,45.723015,288.543243,21.046041,65.598938,89.380295,162.300003,78.776093,77.565048
2022-07-11 13:30:00,182.174911,44.834679,282.378723,20.929920,65.844109,90.084869,161.429993,78.604988,77.573547
2022-07-12 13:30:00,180.601257,44.772484,279.643188,20.845737,65.957916,90.296234,160.830002,78.296989,77.565048
2022-07-13 13:30:00,179.814407,44.719181,279.066742,20.691887,66.168045,90.683754,161.600006,77.920578,77.565048
2022-07-14 13:30:00,179.018112,44.115120,280.063293,20.549644,65.957916,90.181747,159.330002,77.219063,77.573547
2022-07-15 13:30:00,182.497238,44.665882,285.143402,20.845737,66.194351,90.489990,159.009995,78.527992,77.565048
2022-07-18 13:30:00,181.236389,44.950153,282.730347,20.683176,65.992966,90.225769,159.160004,77.971916,77.565048
2022-07-19 13:30:00,186.298645,46.016171,291.425293,21.075071,65.940437,89.811852,159.539993,79.990913,77.565048
2022-07-20 13:30:00,187.805939,45.767433,296.046234,21.025723,65.879105,89.723763,158.039993,79.802696,77.565048
2022-07-21 13:30:00,189.664047,46.282669,300.295990,21.043139,66.422028,90.745407,160.270004,80.435776,77.590500
2022-07-22 13:30:00,187.606888,46.051697,295.030151,20.953146,66.964859,91.784561,160.669998,80.854996,77.598984
2022-07-25 13:30:00,187.862839,46.362617,293.349854,21.051846,66.719673,91.458710,160.229996,80.991882,77.590500
2022-07-26 13:30:00,185.540283,45.820736,287.585846,20.990885,66.737198,91.493958,160.039993,81.077423,77.590500
2022-07-27 13:30:00,190.412918,46.797916,299.739105,21.289883,66.921074,91.678894,161.669998,81.565071,77.590500
2022-07-28 13:30:00,192.896637,47.082188,302.669922,21.432125,67.385132,92.586006,163.639999,84.208626,77.598984
2022-07-29 13:30:00,195.522552,47.517475,308.189758,21.606300,67.332581,92.621223,164.100006,84.662048,77.607468
2022-08-01 13:30:00,195.067551,47.384216,308.004120,21.626619,67.624741,93.162910,165.029999,83.977638,77.613426
2022-08-02 13:30:00,194.015289,46.797916,307.085785,21.432125,66.940422,91.874847,164.050003,82.899689,77.621910
2022-08-03 13:30:00,197.134155,47.099953,315.448547,21.655651,67.273811,92.254196,164.449997,83.164894,77.613426
2022-08-04 13:30:00,196.944611,47.348690,316.923706,21.597593,67.440506,92.721817,167.169998,83.036560,77.630402
2022-08-05 13:30:00,196.878220,47.117718,314.334808,21.658556,66.677254,91.380798,165.289993,83.267570,77.647392
2022-08-08 13:30:00,197.058289,47.259857,313.318817,21.681778,66.975502,91.918991,166.690002,84.011848,77.655891
2022-08-09 13:30:00,195.816437,47.011097,309.772461,21.673069,66.826393,91.645493,167.199997,84.473839,77.647392
2022-08-10 13:30:00,200.281479,47.988293,318.418427,22.047543,67.010612,91.698433,166.779999,85.757111,77.655891
2022-08-11 13:30:00,200.290939,48.059357,316.611115,22.088184,66.633339,91.089684,166.339996,85.551796,77.655891
2022-08-12 13:30:00,203.760605,48.441345,322.775726,22.422020,66.940422,91.451408,167.869995,87.023285,77.672882
2022-08-15 13:30:00,204.556900,48.165962,325.384125,22.468464,67.010612,91.742538,165.710007,87.374039,77.664375
2022-08-16 13:30:00,204.992996,48.192616,324.622070,22.604902,66.922867,91.636681,165.419998,87.143059,77.672882
2022-08-17 13:30:00,203.153885,47.855042,320.919464,22.459751,66.528091,91.019096,164.350006,86.621201,77.672882
2022-08-18 13:30:00,203.684769,47.668488,321.691284,22.596188,66.650925,91.195572,163.919998,86.047989,77.706841
2022-08-19 13:30:00,200.774429,47.028877,315.419220,22.419111,66.229782,90.410370,162.720001,85.141151,77.706841
2022-08-22 13:30:00,196.480057,46.353733,307.115112,22.004002,65.931496,90.013367,161.639999,83.284668,77.715324
2022-08-23 13:30:00,196.110336,46.478111,306.861145,21.960455,65.905174,89.792831,162.770004,82.215279,77.698334
2022-08-24 13:30:00,196.935089,46.566944,307.750153,21.969166,65.738480,89.492851,163.250000,82.685799,77.723831
2022-08-25 13:30:00,199.788528,47.179901,313.191742,22.213007,66.098190,90.066307,163.750000,83.917755,77.732307
2022-08-26 13:30:00,193.171616,46.105007,300.354614,21.559851,65.966583,89.960426,161.759995,81.804626,77.732307
2022-08-29 13:30:00,191.759079,45.971752,297.394470,21.420515,65.668289,89.448738,161.860001,81.068893,77.732307
2022-08-30 13:30:00,189.626099,45.563118,294.082550,21.194088,65.720955,89.422302,160.509995,79.948143,77.740807
2022-08-31 13:30:00,188.232544,45.385456,292.372925,21.017010,65.448967,89.051758,159.270004,79.571732,77.757820
2022-09-01 13:30:00,188.346298,44.887970,292.499878,21.101198,65.093781,88.343842,157.869995,79.717163,77.773964
2022-09-02 13:30:00,186.478806,44.612587,288.367462,20.909609,65.260826,88.838783,159.259995,78.604988,77.782509
2022-09-06 13:30:00,185.720413,44.328316,286.296234,20.837032,64.671768,87.848923,158.330002,79.315056,77.782509
2022-09-07 13:30:00,189.152115,44.710304,292.079834,21.141838,65.137733,88.423393,159.940002,80.863564,77.790977
2022-09-08 13:30:00,190.649933,44.728069,293.594116,21.310202,64.935532,88.096382,158.979996,81.085991,77.807999
2022-09-09 13:30:00,193.816208,45.696362,300.012695,21.559851,64.909180,88.105217,159.820007,81.967178,77.807999
2022-09-12 13:30:00,195.901749,46.300442,303.578583,21.646940,64.830040,87.893097,160.630005,82.762802,77.799484
2022-09-13 13:30:00,187.483643,44.745842,286.931274,20.813810,64.504753,87.398186,158.539993,79.597404,77.816513
2022-09-14 13:30:00,188.213577,44.967918,289.207550,20.831224,64.583900,87.442368,157.929993,78.690529,77.816513
2022-09-15 13:30:00,186.203857,44.523762,284.391235,20.665760,64.390450,87.141899,154.979996,77.236153,77.842033
2022-09-16 13:30:00,184.506973,44.186184,282.652161,20.665760,64.320114,87.212578,155.839996,77.244728,77.842033
2022-09-19 13:30:00,185.815186,44.400593,284.853333,20.831224,64.276123,86.965118,155.960007,77.133499,77.842033
2022-09-20 13:30:00,183.653763,43.775230,282.582703,20.613510,63.959618,86.426010,155.070007,75.259903,77.833496
2022-09-21 13:30:00,180.515915,43.149872,277.522797,20.331430,64.135468,86.770691,155.789993,74.070740,77.850517
2022-09-22 13:30:00,178.496719,43.015865,274.107147,20.264057,63.476105,85.462677,155.699997,73.129677,77.884575
2022-09-23 13:30:00,175.417923,41.711544,269.644196,19.938921,63.300285,85.568703,153.009995,72.157654,77.884575
2022-09-26 13:30:00,173.494858,41.068321,268.528442,19.719229,62.491451,84.145828,151.229996,70.134064,77.867538
2022-09-27 13:30:00,173.237793,40.871769,268.636078,19.628422,62.218891,83.571342,151.539993,69.200104,77.893028
2022-09-28 13:30:00,176.884003,41.657944,273.979889,19.997503,63.185970,85.453842,154.690002,70.635635,77.901558
2022-09-29 13:30:00,173.209274,41.014713,266.081635,19.692867,62.860691,85.056137,154.660004,68.560150,77.918587
2022-09-30 13:30:00,170.857758,40.889637,261.569824,19.458534,62.711197,84.835182,154.669998,69.329803,77.918587
2022-10-03 13:30:00,175.198944,41.756214,267.706360,19.979925,63.236374,85.842003,158.429993,70.566467,77.897270
2022-10-04 13:30:00,180.825348,43.239204,276.123260,20.501324,63.394955,86.019112,160.699997,71.993340,77.922821
2022-10-05 13:30:00,180.482620,42.855061,275.976379,20.466175,63.060135,85.204422,159.809998,70.583733,77.922821
2022-10-06 13:30:00,178.759476,42.265438,273.803741,20.202545,62.822247,84.735123,159.630005,68.620682,77.939896
2022-10-07 13:30:00,173.647156,41.532867,263.370605,19.798317,62.496235,84.318893,157.880005,66.968941,77.939896
2022-10-10 13:30:00,172.266708,41.211258,260.737946,19.733875,62.214287,83.823021,155.479996,66.337646,77.948395
2022-10-11 13:30:00,171.162430,40.666302,257.155823,19.689938,62.231899,84.035553,155.160004,67.012184,77.948395
2022-10-12 13:30:00,170.695923,40.603767,257.067719,19.672365,62.302402,84.310043,155.990005,66.311707,77.948395
2022-10-13 13:30:00,174.932373,41.255924,263.096588,20.249413,62.082138,83.955849,154.910004,67.522423,77.973976
2022-10-14 13:30:00,170.810135,40.603767,255.188614,19.900845,61.782555,83.486519,152.979996,65.844727,77.973976
2022-10-17 13:30:00,175.370316,41.649010,263.615326,20.228909,61.914734,83.575081,153.419998,68.326660,77.973976
2022-10-18 13:30:00,177.512329,41.863415,265.699951,20.501324,62.055691,83.787613,153.750000,69.070358,77.973976
2022-10-19 13:30:00,175.998642,41.264862,264.731049,20.275774,61.544655,82.910934,151.690002,67.349457,77.973976
2022-10-20 13:30:00,174.475403,41.309528,263.380463,20.073658,61.130535,82.291092,151.449997,67.055428,78.008057
2022-10-21 13:30:00,178.492905,42.024227,269.556091,20.533543,61.236271,82.477066,154.149994,67.582939,78.016579
2022-10-24 13:30:00,180.415955,41.559669,272.521637,20.899689,61.148151,82.370804,153.649994,67.574303,78.008057
2022-10-25 13:30:00,183.681366,42.274368,278.158936,21.107664,61.729698,83.397964,154.000000,70.229187,78.008057
2022-10-26 13:30:00,182.548447,42.765717,272.012665,21.201393,61.976387,83.823021,154.979996,70.185951,78.025085
2022-10-27 13:30:00,181.691696,42.435169,267.060394,21.242403,62.302402,84.416321,154.740005,70.289726,78.050659
2022-10-28 13:30:00,185.918594,42.640652,275.232635,21.734503,62.179043,83.982407,153.160004,71.837685,78.042130
2022-10-31 13:30:00,184.719086,42.283298,272.032288,21.640774,61.985218,83.601662,151.910004,71.759850,78.042130
2022-11-01 13:30:00,184.147858,42.747856,269.252716,21.696430,62.049675,83.586571,153.460007,71.733910,78.048988
2022-11-02 13:30:00,179.302124,42.211826,260.023468,21.300989,61.952545,83.444580,152.389999,69.762199,78.074577
2022-11-03 13:30:00,177.588501,42.059959,254.943985,21.131092,61.714073,83.080742,151.809998,69.667068,78.100182
2022-11-04 13:30:00,179.873337,43.668034,259.044739,21.520676,61.731728,82.903236,156.470001,70.618340,78.117279
2022-11-07 14:30:00,181.510803,43.793095,261.892761,21.746223,61.493290,82.610405,155.850006,70.618340,78.108749
2022-11-08 14:30:00,182.462814,44.266582,263.801331,21.983484,61.767071,83.160599,159.449997,70.834541,78.117279
2022-11-09 14:30:00,178.530991,43.551888,257.713745,21.608553,61.855415,83.444580,158.649994,70.108124,78.159943
2022-11-10 14:30:00,188.631805,45.695988,276.730042,22.472660,63.135925,85.317017,163.479996,75.236282,78.168510
2022-11-11 14:30:00,190.554916,46.607224,281.829132,22.531242,63.135925,85.139557,164.559998,75.227646,78.159943
2022-11-14 14:30:00,188.831772,46.160534,279.362793,22.399429,62.932819,84.935448,164.919998,73.394310,78.159943
2022-11-15 14:30:00,190.745300,46.625084,283.228668,22.475590,63.374397,85.565544,165.500000,74.189903,78.177071
2022-11-16 14:30:00,188.803192,46.285606,279.362793,22.311552,63.736462,86.195595,165.119995,73.515373,78.185608
2022-11-17 14:30:00,188.013031,46.321342,278.746124,22.390638,63.471558,85.609901,163.919998,73.013802,78.211220
2022-11-18 14:30:00,188.898407,46.267738,278.756042,22.537102,63.365585,85.308189,162.789993,73.939117,78.211220
2022-11-21 14:30:00,188.098709,45.883591,275.888397,22.598612,63.365585,85.254936,161.880005,74.328262,78.219757
2022-11-22 14:30:00,190.564407,46.428555,279.861908,22.932539,63.692326,85.743019,162.070007,74.734711,78.236839
2022-11-23 14:30:00,191.725876,46.902039,282.670837,22.923750,64.080887,86.204468,163.080002,74.795250,78.253944
2022-11-25 14:30:00,191.868652,47.009243,280.811249,22.976477,64.080887,86.177864,163.220001,75.270882,78.253944
2022-11-28 14:30:00,188.755600,46.482147,276.690918,22.648405,64.001404,86.213341,161.929993,73.255928,78.262459
2022-11-29 14:30:00,188.460480,46.848434,274.596466,22.715775,63.762951,85.849487,162.729996,74.466637,78.288101
2022-11-30 14:30:00,194.267746,47.795414,287.114105,23.120003,64.257530,86.621552,164.809998,76.170250,78.288101
2022-12-01 14:30:00,194.382050,48.045547,287.466522,23.158083,64.793053,87.567665,167.839996,76.005943,78.305222
2022-12-02 14:30:00,194.201126,48.090221,286.321381,23.143440,65.058563,87.745506,167.259995,75.781113,78.313782
2022-12-05 14:30:00,190.383530,47.429127,281.515930,22.745073,64.545181,86.856308,164.389999,74.397446,78.322334
2022-12-06 14:30:00,187.527481,47.214714,275.682800,22.472660,64.757660,87.389809,164.839996,73.696968,78.348038
2022-12-07 14:30:00,187.222885,47.107513,274.557312,22.476500,65.324120,88.154518,166.330002,73.843994,78.348038
2022-12-08 14:30:00,188.841309,47.446987,277.806610,22.612492,65.138237,87.656578,166.470001,74.362846,78.399437
2022-12-09 14:30:00,187.260971,47.375523,276.035156,22.470589,64.757660,87.007462,167.059998,74.224487,78.390846
2022-12-12 14:30:00,189.955154,47.411259,279.499756,22.754391,64.757660,86.882980,165.679993,74.795250,78.399437
2022-12-13 14:30:00,191.373657,47.974079,282.504425,22.866726,65.200233,87.665451,168.509995,76.178902,78.399437
2022-12-14 14:30:00,190.307373,47.911545,280.410004,22.772127,65.359543,87.905548,168.100006,75.660034,78.425117
2022-12-15 14:30:00,185.566376,46.768028,270.994812,22.313911,65.394951,88.076584,165.350006,74.648239,78.442245
2022-12-16 14:30:00,183.443344,46.508953,268.411011,22.121752,65.226761,87.853851,166.789993,72.719749,78.442245
2022-12-19 14:30:00,181.596466,46.453789,264.638885,22.047846,64.837288,87.141121,166.320007,71.794434,78.451706
2022-12-20 14:30:00,181.977249,46.598473,264.432861,22.080360,64.412453,86.508583,169.080002,71.612831,78.460251
2022-12-21 14:30:00,184.728577,47.041580,268.268738,22.390770,64.562889,86.615517,168.800003,72.226830,78.468872
2022-12-22 14:30:00,182.108459,46.679859,261.705505,22.198612,64.554024,86.588776,166.759995,71.923393,78.520416
2022-12-23 14:30:00,183.112869,46.788383,262.294159,22.346424,64.351768,86.196739,167.259995,72.563606,78.520416
2022-12-27 14:30:00,182.347595,47.041580,258.585785,22.423290,63.854908,85.475113,168.669998,72.537308,78.520416
2022-12-28 14:30:00,180.051773,46.480919,255.171722,22.148359,63.766197,85.270195,167.910004,71.300735,78.546181
2022-12-29 14:30:00,183.361588,47.240532,261.391571,22.399637,64.005730,85.688934,168.850006,72.861794,78.580536
2022-12-30 14:30:00,182.892868,46.770298,261.234650,22.331646,63.739578,85.332558,169.639999,72.335587,78.571960
2023-01-03 14:30:00,182.146713,47.086800,259.468781,22.302080,64.076744,86.000755,171.059998,72.405739,78.580536
2023-01-04 14:30:00,183.763397,47.891628,260.704803,22.523804,64.440506,86.660049,172.669998,74.045761,78.571960
2023-01-05 14:30:00,181.611038,47.475647,256.623657,22.390770,64.369514,86.535301,170.520004,72.054947,78.597710
2023-01-06 14:30:00,185.619186,48.587936,263.706848,22.949503,65.079308,87.648979,173.710007,73.993134,78.589134
2023-01-09 14:30:00,185.695709,48.850185,265.413940,22.783955,65.256798,87.871674,174.100006,74.019447,78.606331
2023-01-10 14:30:00,187.159302,49.049129,267.660522,22.899250,64.999451,87.319336,174.740005,74.186066,78.597710
2023-01-11 14:30:00,189.627365,49.347534,272.291107,22.984982,65.345482,87.880638,174.619995,76.843422,78.597710
2023-01-12 14:30:00,190.545685,49.944382,273.762695,23.023411,65.851212,88.664612,176.639999,77.816872,78.657845
2023-01-13 14:30:00,191.358810,50.224712,275.646301,23.044106,65.629402,88.192429,178.759995,77.334534,78.666435
2023-01-17 14:30:00,191.100525,50.260880,276.205414,22.813519,65.540688,87.916245,177.589996,77.553787,78.666435
2023-01-18 14:30:00,188.087219,49.989594,272.614807,22.375988,66.143990,89.110085,177.080002,76.422432,78.675026
2023-01-19 14:30:00,186.556671,50.089066,269.936523,22.183828,66.010902,88.940796,179.889999,76.001480,78.709404
2023-01-20 14:30:00,190.134338,50.586433,277.323853,22.449896,65.718140,88.352806,179.289993,76.904793,78.717972
2023-01-23 14:30:00,192.544952,50.830589,283.484863,22.627270,65.558418,88.067688,179.630005,77.255592,78.717972
2023-01-24 14:30:00,192.229324,50.839634,282.906067,22.609531,65.851212,88.575516,180.279999,77.448540,78.726601
2023-01-25 14:30:00,192.324966,51.047623,282.278259,22.612492,65.931061,88.673531,181.110001,77.483612,78.735168
2023-01-26 14:30:00,194.305145,51.228489,287.781921,22.609531,65.806847,88.352806,179.470001,78.351860,78.778107
2023-01-27 14:30:00,195.089554,51.110924,290.646576,22.574057,65.735870,88.219147,179.220001,79.228867,78.786705
2023-01-30 14:30:00,192.478058,50.577389,284.770020,22.482412,65.549522,87.942963,178.759995,78.220306,78.786705
2023-01-31 14:30:00,195.558273,50.830589,289.037628,22.795778,65.851212,88.388428,179.410004,79.860313,78.795280
2023-02-01 14:30:00,197.940216,51.309868,295.218292,22.902203,66.274544,89.024132,181.669998,80.351448,78.800476
2023-02-02 14:30:00,200.896133,51.183266,305.813660,23.067755,66.319008,88.988434,177.899994,82.175613,78.834961
2023-02-03 14:30:00,198.820297,50.577389,300.378571,22.884466,65.732033,88.033066,173.460007,80.632072,78.852196
2023-02-06 14:30:00,197.328003,50.052895,297.837708,22.766216,65.322929,87.274155,173.820007,80.044479,78.860840
2023-02-07 14:30:00,199.815186,50.396526,304.008545,22.884466,65.234009,87.059914,173.979996,79.869080,78.869431
2023-02-08 14:30:00,197.681946,50.170452,298.602905,22.692310,65.349640,87.381340,174.410004,79.491966,78.869431
2023-02-09 14:30:00,195.759186,50.260880,295.963867,22.497194,65.082809,86.988495,173.029999,78.623734,78.895294
2023-02-10 14:30:00,196.113129,50.025768,294.021454,22.704138,64.807121,86.568855,173.360001,78.895599,78.903931
2023-02-13 14:30:00,198.447235,50.450787,298.730408,22.955418,64.984970,86.774193,172.479996,79.597198,78.921188
2023-02-14 14:30:00,198.523758,50.459831,300.937836,22.804646,64.762627,86.381378,172.610001,78.965759,78.921188
2023-02-15 14:30:00,199.413376,50.206623,303.243317,22.848989,64.620323,86.122437,170.889999,79.281487,78.938400
2023-02-16 14:30:00,196.754059,50.007675,297.553131,22.689354,64.371330,85.836693,170.750000,78.509705,78.981506
2023-02-17 14:30:00,196.180084,49.962460,295.453735,22.736654,64.513618,86.077759,171.259995,78.202774,78.990166
2023-02-21 14:30:00,192.114548,49.374664,288.458801,22.305037,63.953350,85.140327,170.619995,76.632927,78.990166
2023-02-22 14:30:00,191.951889,49.094337,288.674683,22.213390,64.095642,85.292107,169.660004,75.940079,79.016022
2023-02-23 14:30:00,192.975479,49.347534,291.196014,22.281387,64.326866,85.622437,169.570007,76.510139,79.041847
2023-02-24 14:30:00,190.823120,48.533672,286.320160,22.130621,63.971092,85.104591,168.350006,75.168327,79.050514
2023-02-27 14:30:00,191.502304,49.003910,288.370575,22.133574,64.077835,85.363541,169.009995,75.282326,79.059120
2023-02-28 14:30:00,190.861359,48.660282,287.997711,22.038977,64.095642,85.497459,169.779999,75.177094,79.067741
2023-03-01 14:30:00,191.320526,49.157646,285.682404,22.030104,63.715916,84.813904,170.759995,74.229927,79.072060
2023-03-02 14:30:00,191.617081,49.266159,288.046783,22.109924,63.582207,84.465019,170.660004,75.098152,79.098000
2023-03-03 14:30:00,194.735596,49.890125,294.001801,22.340513,64.072456,85.144958,172.490005,76.238266,79.115288
2023-03-06 14:30:00,194.477325,49.781605,294.335297,22.331646,63.920910,84.992859,171.619995,75.940079,79.123924
2023-03-07 14:30:00,191.578827,48.931568,290.725098,21.976894,63.849606,85.001808,168.619995,74.168541,79.123924
2023-03-08 14:30:00,191.827545,49.157646,292.177063,21.947332,63.796112,84.974983,168.539993,75.019234,79.141228
2023-03-09 14:30:00,188.039398,48.587936,287.114777,21.533453,64.010048,85.502808,170.199997,73.300301,79.158524
2023-03-10 14:30:00,184.873032,48.171963,283.082672,21.273300,64.776665,87.077400,173.869995,70.870979,79.175812
2023-03-13 13:30:00,184.107742,47.945881,285.182098,20.968807,65.293633,88.133141,177.860001,71.800598,79.193108
2023-03-14 13:30:00,187.388931,48.370903,291.735535,21.155045,64.883575,87.301064,176.830002,72.493439,79.201729
2023-03-15 13:30:00,185.944458,47.113922,293.265961,20.980633,65.552139,88.562569,178.210007,72.440826,79.244972
2023-03-16 13:30:00,189.158615,47.792152,300.996613,21.181654,65.240173,87.766296,178.570007,72.282959,79.279541
2023-03-17 13:30:00,186.719284,47.321915,299.574127,20.844643,65.712608,88.804115,183.770004,70.642960,79.296822
2023-03-20 13:30:00,188.345520,47.902916,300.637360,21.158005,65.427376,88.446228,183.839996,71.449814,79.305473
2023-03-21 13:30:00,191.033539,48.473946,304.931152,21.382683,65.249069,87.676811,180.369995,71.134079,79.305473
2023-03-22 13:30:00,187.618484,48.347046,300.784698,20.967445,65.828468,88.830933,183.440002,68.476761,79.322784
2023-03-23 13:30:00,187.960403,48.537392,304.351379,20.949562,65.980003,89.340919,185.740005,68.047012,79.357376
2023-03-24 13:30:00,189.141739,48.410500,305.471588,21.116491,66.113739,89.367752,183.649994,69.792038,79.374634
2023-03-27 13:30:00,189.621994,48.664284,303.378723,21.205915,65.427376,88.267319,181.949997,69.712303,79.366028
2023-03-28 13:30:00,189.353073,48.863689,301.767212,21.238708,65.311478,88.213638,183.440002,69.544014,79.383286
2023-03-29 13:30:00,192.080765,49.325951,307.269684,21.489098,65.382797,88.061539,182.529999,71.085304,79.383286
2023-03-30 13:30:00,193.118027,49.869781,310.178040,21.551699,65.471924,88.195740,184.179993,72.015411,79.400581
2023-03-31 13:30:00,196.028214,50.042007,315.336517,21.808052,65.810646,88.678864,183.220001,73.556686,79.383286
2023-04-03 13:30:00,196.546844,50.404564,314.570129,21.927292,66.090324,89.096581,184.539993,72.972046,79.402420
2023-04-04 13:30:00,195.231033,50.377365,313.508972,21.715643,66.358406,89.670334,187.979996,72.874611,79.411072
2023-04-05 13:30:00,194.520294,50.023869,310.413910,21.766321,66.537132,90.046806,187.830002,72.484856,79.454453
2023-04-06 13:30:00,195.163818,50.196095,312.506775,21.748432,66.519257,90.073708,186.490005,72.980911,79.463165
2023-04-10 13:30:00,195.605606,50.232349,312.329865,21.828918,66.072456,89.186264,185.110001,73.317520,79.471855
2023-04-11 13:30:00,195.807312,50.458946,310.325439,21.921328,66.099281,89.150368,186.279999,73.627548,79.480530
2023-04-12 13:30:00,194.981323,50.594902,307.584076,21.828918,66.170776,89.410339,187.190002,73.273232,79.497887
2023-04-13 13:30:00,197.516891,51.256565,313.607269,21.980940,66.135033,89.114532,189.720001,73.051765,79.541275
2023-04-14 13:30:00,196.969437,51.048100,313.017731,21.933249,65.840118,88.675293,186.360001,71.917953,79.541275
2023-04-17 13:30:00,197.757004,51.048100,313.282959,22.034599,65.482712,88.110519,185.529999,73.414932,79.558655
2023-04-18 13:30:00,197.853088,51.211250,313.302582,22.040560,65.580986,88.253967,186.250000,73.246658,79.567329
2023-04-19 13:30:00,197.949097,50.903076,313.155273,21.989885,65.491646,88.065720,185.360001,73.680695,79.575996
2023-04-20 13:30:00,196.719742,50.894020,310.767548,21.852766,65.777573,88.576668,186.089996,72.954330,79.636772
2023-04-21 13:30:00,196.892609,50.903076,311.091858,21.808052,65.661415,88.361534,184.250000,72.963181,79.628082
2023-04-24 13:30:00,196.969437,50.975594,310.443359,21.852766,65.920555,88.791801,184.809998,72.688591,79.636772
2023-04-25 13:30:00,193.684692,50.168900,304.587189,21.509966,66.349480,89.670334,185.750000,71.971115,79.628082
2023-04-26 13:30:00,192.810684,50.232349,306.434418,21.191013,66.117134,89.320671,184.740005,71.280182,79.645454
2023-04-27 13:30:00,196.431580,50.875889,314.766663,21.408615,65.831177,88.738022,184.750000,72.892342,79.671478
2023-04-28 13:30:00,198.141220,50.984661,316.938110,21.632181,66.197571,89.401405,184.800003,73.786987,79.671478
2023-05-01 13:30:00,198.045120,50.884956,316.574646,21.650066,65.516792,88.349159,183.970001,73.237778,79.674118
2023-05-02 13:30:00,195.624817,50.350174,313.813599,21.196974,66.161728,89.499336,187.520004,71.997681,79.656685
2023-05-03 13:30:00,194.481903,50.413628,311.760010,21.009180,66.439445,90.083374,189.110001,71.714226,79.665398
2023-05-04 13:30:00,193.031586,50.504265,310.659515,20.812441,66.349846,90.065437,190.440002,72.307701,79.691528
2023-05-05 13:30:00,196.594849,51.229382,317.262451,21.161205,66.107986,89.580200,187.460007,73.512390,79.708977
2023-05-08 13:30:00,196.806168,51.265640,318.048462,21.050911,65.794479,89.032066,187.690002,73.087196,79.717651
2023-05-09 13:30:00,195.999374,51.029976,316.034241,20.973408,65.722816,88.924225,189.020004,72.777184,79.726402
2023-05-10 13:30:00,196.863800,50.993713,319.473175,20.931677,66.125900,89.589172,188.750000,73.476952,79.735100
2023-05-11 13:30:00,196.604462,50.776180,320.514771,20.839270,66.340897,89.921677,187.130005,72.670883,79.787392
2023-05-12 13:30:00,196.143478,50.549583,319.365051,20.881001,65.991508,89.382530,186.809998,72.662033,79.804825
2023-05-15 13:30:00,196.979034,51.084351,321.094421,20.925714,65.821358,89.184830,187.210007,72.538010,79.813530
2023-05-16 13:30:00,195.451965,50.603970,321.458008,20.621668,65.660110,88.897293,184.869995,70.722115,79.804825
2023-05-17 13:30:00,197.987518,50.866821,325.348938,20.916773,65.543633,88.609734,184.229996,71.678780,79.822250
2023-05-18 13:30:00,199.956451,50.703667,331.391693,21.021103,65.274925,88.061584,181.839996,71.333336,79.865852
2023-05-19 13:30:00,199.476212,50.875889,330.645020,21.041969,65.095787,87.729118,183.639999,71.218163,79.865852
2023-05-22 13:30:00,199.821991,51.029976,331.755280,21.044947,65.077850,87.567375,183.210007,71.652214,79.874542
2023-05-23 13:30:00,197.708984,50.286728,327.549866,21.038990,65.122620,87.711159,183.429993,70.979012,79.874542
2023-05-24 13:30:00,196.181870,49.688511,325.869720,20.839270,64.943489,87.486481,181.949997,69.455437,79.874542
2023-05-25 13:30:00,197.516891,49.561615,333.799103,20.758785,64.701614,86.938370,180.199997,69.446587,79.926834
2023-05-26 13:30:00,200.119720,50.141705,342.327820,20.994278,64.782272,87.100113,180.919998,70.243805,79.944252
2023-05-30 13:30:00,200.186966,49.670380,343.880280,20.916773,65.212234,87.783051,182.039993,70.509544,79.952957
2023-05-31 13:30:00,198.986374,49.199059,341.924927,20.743881,65.427200,88.115479,182.320007,70.863853,79.970383
2023-06-01 13:30:00,200.974548,49.969494,345.874847,20.827349,65.604134,88.360497,183.759995,70.872726,80.015007
2023-06-02 13:30:00,204.297684,50.703667,348.468872,21.235723,65.235924,87.657936,181.050003,72.600029,80.023750
2023-06-05 13:30:00,203.759827,50.477074,348.714478,21.101585,65.244896,87.630920,182.139999,72.095108,80.023750
2023-06-06 13:30:00,204.691452,50.903076,348.655518,21.161205,65.334724,87.684975,182.339996,72.786026,80.041252
2023-06-07 13:30:00,204.288071,50.522392,342.740479,21.402655,64.966507,87.045441,180.149994,74.123604,80.050026
2023-06-08 13:30:00,205.248520,50.966522,346.995056,21.435442,65.289787,87.630920,182.529999,73.662987,80.093765
2023-06-09 13:30:00,205.469421,51.002781,348.321411,21.381790,65.155090,87.315681,182.039993,73.237778,80.102524
2023-06-12 13:30:00,207.313522,51.184059,354.207092,21.501020,65.289787,87.459778,181.880005,73.255516,80.111282
2023-06-13 13:30:00,208.840607,51.664444,356.928802,21.635162,65.002426,86.838310,180.539993,73.724983,80.128769
2023-06-14 13:30:00,208.840607,51.872921,359.522827,21.587469,65.056290,86.955368,180.639999,73.999588,80.146263
2023-06-15 13:30:00,211.385834,52.353306,363.806824,21.867668,65.460434,87.630920,181.910004,74.389336,80.181259
2023-06-16 13:30:00,210.588638,52.226414,361.517395,21.861708,65.316734,87.252632,181.630005,74.336174,80.190033
2023-06-20 13:30:00,209.551361,51.464108,360.999878,21.653048,65.406540,87.513847,179.750000,73.459236,80.207512
2023-06-21 13:30:00,208.398819,51.509926,356.080231,21.579342,65.514305,87.594894,179.490005,73.016342,80.207512
2023-06-22 13:30:00,208.955887,51.235058,360.281677,21.486082,65.199989,87.099503,177.710007,71.971115,80.242500
2023-06-23 13:30:00,207.227203,50.437954,356.709991,21.272482,65.388565,87.459778,178.199997,70.979012,80.251251
2023-06-26 13:30:00,206.504135,50.566216,351.928162,21.380785,65.469406,87.675957,178.509995,72.617737,80.260010
2023-06-27 13:30:00,209.020477,50.996849,357.979218,21.564301,65.343704,87.369713,177.690002,73.512390,80.277489
2023-06-28 13:30:00,209.194000,50.941868,358.677795,21.516167,65.550247,87.721001,177.279999,73.618683,80.286240
2023-06-29 13:30:00,210.196716,50.850250,357.959595,21.663574,65.056290,86.820267,177.089996,74.441032,80.312500
2023-06-30 13:30:00,212.375580,51.381664,363.479370,21.847090,65.280823,87.009430,178.270004,74.853088,80.338737
2023-07-03 13:30:00,213.011932,51.592392,364.335388,21.976454,65.095367,86.632034,178.470001,75.587646,80.358963
2023-07-05 13:30:00,212.365967,51.097633,364.325470,21.880184,64.825241,86.216690,177.839996,75.757851,80.367737
2023-07-06 13:30:00,210.476288,50.181412,361.550873,21.642515,64.411087,85.512451,177.309998,75.175591,80.394104
2023-07-07 13:30:00,210.215942,50.667007,360.350525,21.603409,64.375038,85.404091,178.639999,75.005386,80.402885
2023-07-10 13:30:00,211.131882,50.749462,360.468567,21.774889,64.600174,85.846512,178.779999,75.327866,80.420456
2023-07-11 13:30:00,212.790176,51.244225,362.249420,22.027599,64.735214,86.027100,179.449997,76.402840,80.429260
2023-07-12 13:30:00,214.419525,52.197098,366.824646,22.093781,65.248405,86.866768,181.880005,76.814896,80.446808
2023-07-13 13:30:00,216.232056,52.939224,373.052826,22.196062,65.644547,87.589088,182.009995,77.307602,80.481964
2023-07-14 13:30:00,215.913895,52.646038,372.974152,22.075727,65.338432,87.155701,181.429993,77.155304,80.490738
2023-07-17 13:30:00,216.733383,52.673531,376.457245,22.018570,65.410469,87.300156,181.559998,76.653656,80.499542
2023-07-18 13:30:00,218.459152,52.829281,379.536865,22.196062,65.491493,87.399467,183.639999,76.232628,80.499542
2023-07-19 13:30:00,219.027985,52.801800,379.448395,22.412672,65.644547,87.697411,183.669998,77.092598,80.517090
2023-07-20 13:30:00,217.446854,52.499443,370.701324,22.502924,65.338432,87.002213,182.740005,76.841774,80.561020
2023-07-21 13:30:00,217.427597,52.581909,369.589447,22.554066,65.383469,87.074440,182.179993,77.200096,80.561020
2023-07-24 13:30:00,218.198853,52.691853,370.179840,22.686440,65.275436,86.866768,181.399994,77.836105,80.569817
2023-07-25 13:30:00,218.748398,52.893421,372.688812,22.662373,65.203400,86.704239,182.410004,77.280716,80.578621
2023-07-26 13:30:00,218.912292,53.067505,371.449036,22.704491,65.419479,87.002213,183.300003,77.630081,80.587387
2023-07-27 13:30:00,217.225082,52.728497,370.563568,22.611225,64.861290,86.054169,180.419998,75.945976,80.631302
2023-07-28 13:30:00,219.490768,53.379017,377.313232,22.752621,65.086357,86.334084,181.860001,75.883270,80.640083
2023-07-31 13:30:00,220.156021,53.379017,377.510010,22.761650,65.203400,86.442406,182.350006,76.375969,80.648865
2023-08-01 13:30:00,219.558289,52.746826,376.634369,22.659363,64.799850,85.937347,180.460007,76.250565,80.670029
2023-08-02 13:30:00,216.444168,51.720661,368.369446,22.424706,64.592232,85.765350,179.600006,75.811600,80.678879
2023-08-03 13:30:00,215.817505,51.656525,367.779053,22.400640,64.195007,85.131721,179.539993,74.987473,80.714188
2023-08-04 13:30:00,214.901581,51.793953,366.057220,22.310383,64.727646,86.036919,180.190002,74.378319,80.731804
2023-08-07 13:30:00,216.550201,52.077988,369.156555,22.505934,64.628326,85.828697,179.779999,75.309944,80.731804
2023-08-08 13:30:00,215.547562,51.647358,366.017853,22.424706,64.863037,86.263206,178.639999,74.826225,80.749458
2023-08-09 13:30:00,214.004944,51.693176,361.993622,22.367544,64.881111,86.317482,177.789993,74.817261,80.758286
2023-08-10 13:30:00,214.043518,51.830601,362.662689,22.370554,64.520012,85.656715,177.600006,74.530602,80.802383
2023-08-11 13:30:00,213.841064,51.427471,360.350525,22.433729,64.312363,85.204132,177.600006,74.647064,80.811218
2023-08-14 13:30:00,214.901581,51.198410,364.394379,22.397631,64.231125,85.068352,177.059998,74.154373,80.820053
2023-08-15 13:30:00,212.462357,50.566216,360.527557,22.132885,64.086670,84.905418,176.589996,73.321281,80.828873
2023-08-16 13:30:00,210.707642,50.172245,356.709991,22.042637,63.906124,84.579559,175.570007,72.416527,80.846535
2023-08-17 13:30:00,208.981888,49.952354,352.813660,22.075727,63.842934,84.470970,175.300003,71.834251,80.881821
2023-08-18 13:30:00,209.222931,49.869896,352.370911,22.129883,63.978363,84.724388,175.330002,72.058197,80.890625
2023-08-21 13:30:00,210.428070,50.016487,358.048065,22.117847,63.671398,84.199387,175.809998,71.395294,80.899460
2023-08-22 13:30:00,209.868896,49.924862,357.536469,21.949377,63.752666,84.235603,176.100006,71.601349,80.908264
2023-08-23 13:30:00,212.163513,50.520405,363.174316,22.135897,64.330421,85.149803,177.889999,72.730042,80.925926
2023-08-24 13:30:00,209.319351,49.961521,355.411163,21.964415,64.176941,84.833008,177.850006,72.452362,80.952393
2023-08-25 13:30:00,210.746216,50.227219,358.166138,22.063696,64.176941,84.805847,177.619995,72.506096,80.970024
2023-08-28 13:30:00,212.096024,50.694492,360.862091,22.190048,64.294327,85.041191,178.130005,73.186905,80.987679
2023-08-29 13:30:00,215.181183,51.345013,368.743256,22.400640,64.691513,85.647652,179.869995,74.073746,80.978859
2023-08-30 13:30:00,216.135635,51.326683,370.799683,22.439749,64.664429,85.638626,180.320007,74.342491,80.996483
2023-08-31 13:30:00,215.904282,51.033497,371.911499,22.421696,64.772781,85.810608,180.020004,73.796059,81.049423
2023-09-01 13:30:00,216.617722,51.244225,371.518005,22.463816,64.461380,85.286079,180.110001,73.921471,81.062744
2023-09-05 13:30:00,215.325790,50.804440,371.990295,22.265261,64.108322,84.768799,178.639999,73.061485,81.080475
2023-09-06 13:30:00,213.976059,50.630360,368.713776,22.090773,64.035904,84.551003,177.830002,72.909218,81.080475
2023-09-07 13:30:00,213.243301,50.346329,366.076904,22.075727,64.253181,84.841400,178.020004,73.366066,81.124786
2023-09-08 13:30:00,213.474686,50.318840,366.588562,22.162970,64.271271,84.859566,178.080002,73.079407,81.133629
2023-09-11 13:30:00,214.814804,50.886898,370.907928,22.196062,64.171707,84.714348,178.410004,73.088379,81.133629
2023-09-12 13:30:00,213.773544,50.676167,366.795135,22.190048,64.216972,84.832336,177.490005,73.052536,81.160217
2023-09-13 13:30:00,213.802475,50.566216,368.192383,22.126873,64.316521,84.932144,177.080002,72.255287,81.169090
2023-09-14 13:30:00,215.634323,51.125114,371.203094,22.364538,64.207901,84.741577,177.169998,73.563148,81.195663
2023-09-15 13:30:00,213.098663,51.006012,364.846954,22.150940,64.081177,84.478401,178.339996,73.285446,81.213387
2023-09-18 13:30:00,213.117966,50.826393,365.227325,22.147934,64.144547,84.560074,179.389999,72.631516,81.222275
2023-09-19 13:30:00,212.578079,50.789539,364.448944,22.090773,64.008743,84.251511,179.220001,72.300072,81.231117
2023-09-20 13:30:00,210.698029,50.632961,359.197052,22.001226,63.927284,84.188004,179.350006,72.362770,81.239998
2023-09-21 13:30:00,207.164139,49.794762,352.614929,21.682497,63.528984,83.561836,178.050003,69.899330,81.284302
2023-09-22 13:30:00,206.728714,49.988194,352.664185,21.639999,63.791489,83.888550,178.619995,69.370789,81.293152
2023-09-25 13:30:00,207.560883,49.813183,354.339294,21.697674,63.320786,83.271439,177.699997,69.308105,81.302032
2023-09-26 13:30:00,204.570877,49.113148,349.018372,21.439659,63.257420,83.244217,176.279999,68.045006,81.310883
2023-09-27 13:30:00,204.783752,49.094719,349.836304,21.442696,63.031097,82.872139,174.100006,67.588158,81.337471
2023-09-28 13:30:00,206.138474,49.398689,352.762726,21.555010,63.194057,83.099007,173.229996,68.236702,81.364067
2023-09-29 13:30:00,205.538528,49.297363,353.018921,21.479118,63.166897,83.117149,171.449997,68.435692,81.372917
2023-10-02 13:30:00,205.267578,48.661804,355.965088,21.303062,62.733025,82.442940,169.649994,67.178391,81.385399
2023-10-03 13:30:00,202.287216,48.063087,349.718079,21.072367,62.224667,81.760551,169.160004,65.866859,81.403168
2023-10-04 13:30:00,203.748367,48.035450,354.477264,21.081472,62.633171,82.279167,169.139999,66.671883,81.412086
2023-10-05 13:30:00,203.641922,48.367046,353.432739,21.008619,62.678539,82.433853,168.830002,67.042725,81.465469
2023-10-06 13:30:00,206.070755,48.965771,359.354645,21.136110,62.433456,81.951622,169.699997,67.223640,81.465469
2023-10-09 13:30:00,207.367386,48.864445,361.187378,21.369843,63.068882,82.997963,172.820007,67.956299,81.474396
2023-10-10 13:30:00,208.654358,49.527637,363.187622,21.476084,63.005325,82.834190,172.529999,68.281914,81.474396
2023-10-11 13:30:00,209.476868,49.730278,365.779083,21.509474,63.295799,83.289116,173.789993,69.466843,81.492180
2023-10-12 13:30:00,207.793137,49.251312,364.508026,21.391092,62.751163,82.488457,173.259995,68.453781,81.527786
2023-10-13 13:30:00,206.622269,48.901295,359.926147,21.345556,63.041634,83.016167,178.830002,68.281914,81.545578
2023-10-16 13:30:00,209.022049,49.269730,363.995605,21.597507,62.714840,82.524834,177.960007,69.095978,81.554504
2023-10-17 13:30:00,209.292984,49.232891,362.803406,21.682497,62.306377,81.715057,178.289993,68.996490,81.563377
2023-10-18 13:30:00,206.196518,48.394688,358.044159,21.436623,62.034054,81.332924,180.869995,67.531166,81.572289
2023-10-19 13:30:00,204.251556,48.063087,354.694000,21.242353,61.761730,80.932564,183.089996,65.930191,81.607903
2023-10-20 13:30:00,201.725983,47.556480,349.402679,21.032902,61.988655,81.405716,183.589996,65.486954,81.625694
2023-10-23 13:30:00,201.174393,47.538055,350.457031,20.868990,62.224667,81.787834,182.970001,64.844757,81.634583
2023-10-24 13:30:00,202.693649,47.878868,353.866302,21.029869,62.433456,81.933456,182.949997,65.676918,81.643486
2023-10-25 13:30:00,199.684250,47.427532,345.205139,20.805243,61.961433,81.214615,183.720001,64.265869,81.652405
2023-10-26 13:30:00,197.613480,47.160404,338.623077,20.695965,62.379002,81.833321,184.009995,65.496017,81.687981
2023-10-27 13:30:00,196.549057,47.031452,340.248901,20.307421,62.379002,81.960724,186.149994,64.446770,81.714684
2023-10-30 13:30:00,198.813370,47.611740,344.081879,20.547226,62.224667,81.687759,185.100006,64.853798,81.723595
2023-10-31 13:30:00,200.100327,47.639389,345.727356,20.659536,62.206509,81.514854,184.089996,65.957321,81.723595
2023-11-01 13:30:00,202.103378,48.109138,351.728149,20.686859,62.810116,82.453758,183.509995,66.364349,81.748650
2023-11-02 13:30:00,206.119095,49.085506,358.113129,21.148252,63.174286,82.964684,184.119995,68.544228,81.775467
2023-11-03 13:30:00,208.441452,49.748699,362.320587,21.324312,63.547596,83.603378,184.789993,70.181389,81.784386
2023-11-06 14:30:00,208.528564,49.693436,363.798553,21.230211,63.274460,83.119781,183.350006,69.168343,81.793343
2023-11-07 14:30:00,209.147873,49.389477,367.237457,21.157358,63.593086,83.594254,182.589996,68.598511,81.811203
2023-11-08 14:30:00,209.118835,49.242096,367.473877,21.117899,63.793392,83.931816,180.770004,68.824623,81.820145
2023-11-09 14:30:00,207.338379,49.140778,364.645966,20.875057,63.319984,83.101570,181.490005,67.739212,81.864830
2023-11-10 14:30:00,210.425186,49.398689,372.844025,21.078436,63.438320,83.192780,179.509995,68.372368,81.873779
2023-11-13 14:30:00,210.299377,49.500008,371.681335,21.026834,63.420120,83.147179,180.509995,67.802513,81.882721
2023-11-14 14:30:00,214.963425,50.752701,379.682312,21.491262,64.194000,84.397179,182.119995,71.565308,81.891670
2023-11-15 14:30:00,215.495636,50.835598,379.968048,21.655178,63.838909,83.740219,181.639999,71.773361,81.909538
2023-11-16 14:30:00,215.350510,50.614540,380.293243,21.482157,64.221298,84.369789,183.690002,71.619576,81.945305
2023-11-17 14:30:00,215.892380,51.139565,380.381897,21.594469,64.312332,84.424507,183.669998,71.565308,81.963196
2023-11-20 14:30:00,217.518021,51.434322,385.013031,21.700714,64.403381,84.543144,183.369995,72.089920,81.963196
2023-11-21 14:30:00,216.927750,51.204044,382.776276,21.643038,64.494408,84.652657,185.350006,71.583397,81.990028
2023-11-22 14:30:00,217.856689,51.250099,384.342987,21.712849,64.549057,84.625282,184.559998,71.936165,82.025757
2023-11-24 14:30:00,218.088928,51.526428,383.801086,21.794811,64.239525,84.187302,185.520004,72.144218,82.034714
2023-11-27 14:30:00,217.808319,51.369846,383.466003,21.685535,64.630974,84.825989,186.770004,72.406517,82.043640
2023-11-28 14:30:00,217.943787,51.544849,384.471100,21.715889,64.904129,85.200081,189.259995,72.885918,82.061516
2023-11-29 14:30:00,218.040573,51.526428,384.096649,21.803915,65.240967,85.647163,189.539993,73.392426,82.070465
2023-11-30 14:30:00,218.940460,51.563271,383.131042,21.961765,65.031555,85.227455,188.750000,73.926109,82.106224
2023-12-01 14:30:00,220.788696,52.033035,384.224731,22.204601,65.562019,86.031601,192.009995,75.744186,82.123306
2023-12-04 14:30:00,219.995224,51.572483,380.657776,22.292631,65.297249,85.674812,187.860001,76.295921,82.123306
2023-12-05 14:30:00,219.569443,51.406685,381.613647,22.162106,65.717216,86.278610,187.149994,75.789406,82.141258
2023-12-06 14:30:00,218.640503,51.461948,379.406433,22.119781,65.908951,86.635391,187.839996,75.563286,82.150261
2023-12-07 14:30:00,220.391937,51.719864,384.707520,22.202583,65.890701,86.507286,188.149994,75.780342,82.186172
2023-12-08 14:30:00,221.446701,51.710651,386.422089,22.239384,65.571152,85.949242,185.639999,75.653717,82.204124
2023-12-11 14:30:00,222.356247,51.821182,389.722961,22.454050,65.580284,85.958405,183.589996,75.861763,82.222092
2023-12-12 14:30:00,223.198135,51.876450,392.826813,22.466316,65.772034,86.141365,183.490005,75.816551,82.222092
2023-12-13 14:30:00,226.662338,52.631752,397.822418,22.837381,66.611954,87.422134,187.630005,78.720016,82.231064
2023-12-14 14:30:00,228.007370,53.165985,397.477631,23.211517,67.114113,88.148842,188.729996,80.990364,82.267014
2023-12-15 14:30:00,227.697708,52.687019,399.399048,23.137913,67.013695,88.075417,187.000000,79.850685,82.293945
2023-12-18 14:30:00,228.684723,52.787056,401.914673,23.168581,66.876732,87.882759,187.850006,79.669762,82.303886
2023-12-19 14:30:00,230.358749,53.263885,403.968323,23.297380,67.004547,88.047935,189.130005,80.275795,82.303886
2023-12-20 14:30:00,226.923584,52.590717,397.965454,22.947781,67.223663,88.479172,188.100006,79.298927,82.321915
2023-12-21 14:30:00,229.432785,53.516315,402.595917,23.119513,67.214539,88.341522,189.429993,80.002167,82.376045
2023-12-22 14:30:00,229.957550,53.535011,403.198242,23.260578,67.169678,88.258972,190.270004,80.313492,82.385048
2023-12-26 14:30:00,231.094574,53.796799,405.666534,23.374048,67.233765,88.314003,191.720001,80.908676,82.403122
2023-12-27 14:30:00,231.531876,54.124031,406.492279,23.392447,67.664108,89.002174,192.589996,81.302399,82.403122
2023-12-28 14:30:00,231.415253,54.152077,406.294739,23.404715,67.499298,88.662666,191.470001,81.879295,82.457245
2023-12-29 14:30:00,230.530930,54.189476,404.536407,23.346447,67.343643,88.442474,191.169998,80.908676,82.457245
2024-01-02 14:30:00,228.985764,53.572411,397.690765,23.518181,67.059792,88.112137,190.720001,81.604584,82.466263
2024-01-03 14:30:00,226.789474,53.235828,393.482574,23.370981,67.114731,88.323181,189.130005,79.654213,82.493347
2024-01-04 14:30:00,226.206390,53.263885,391.457550,23.343380,66.812584,87.791000,189.320007,79.507698,82.520432
2024-01-05 14:30:00,226.546524,53.301277,391.921814,23.420050,66.611160,87.469864,189.350006,79.306259,82.529404
2024-01-08 14:30:00,229.782639,53.740700,400.022064,23.558046,66.904144,87.763466,187.869995,80.441681,82.538452
2024-01-09 14:30:00,229.355042,53.217125,400.812256,23.432312,66.894997,87.726776,187.929993,79.901436,82.547470
2024-01-10 14:30:00,230.540604,53.450871,403.528839,23.420050,66.775970,87.589142,187.500000,79.993011,82.565521
2024-01-11 14:30:00,230.385162,53.478920,404.368439,23.324980,67.123886,88.057091,187.869995,79.251320,82.610649
2024-01-12 14:30:00,230.424011,53.665905,404.575958,23.389378,67.261238,88.295662,189.710007,79.727463,82.628662
2024-01-16 14:30:00,229.355042,52.693565,404.536407,23.217648,66.785126,87.579979,187.910004,79.141441,82.637711
2024-01-17 14:30:00,227.975082,52.113899,402.254547,23.076578,66.629463,87.295540,185.839996,77.694656,82.655762
2024-01-18 14:30:00,229.986694,52.506569,407.964233,23.214581,66.537880,87.102875,187.369995,77.273468,82.691841
2024-01-19 14:30:00,232.785477,52.768356,416.054535,23.487513,66.537880,87.112022,187.929993,78.198296,82.700867
2024-01-22 14:30:00,233.796173,52.740311,416.597809,23.588713,66.647774,87.378090,187.220001,78.665291,82.709877
2024-01-23 14:30:00,234.223770,52.777706,418.326569,23.594847,66.492119,87.157898,187.949997,78.125046,82.718887
2024-01-24 14:30:00,234.184860,53.151684,420.647949,23.429249,66.354744,86.910164,186.399994,77.007912,82.727951
2024-01-25 14:30:00,235.487137,53.291927,421.161621,23.634712,66.666061,87.286377,187.139999,77.996834,82.773026
2024-01-26 14:30:00,235.292770,53.460217,418.652527,23.619377,66.565353,87.130363,187.009995,77.777092,82.782059
2024-01-29 14:30:00,237.430740,53.712658,422.939697,23.714443,66.830887,87.653358,188.330002,78.289871,82.791092
2024-01-30 14:30:00,237.100311,53.544369,420.124390,23.671513,66.949913,87.772659,188.589996,77.557320,82.800087
2024-01-31 14:30:00,233.106171,53.263885,411.895752,23.380180,67.233765,88.506699,188.449997,76.815620,82.809135
2024-02-01 14:30:00,236.245132,53.759403,416.746033,23.625511,67.639656,89.054863,190.410004,78.207451,82.850800
2024-02-02 14:30:00,238.266434,53.385422,423.789307,23.613247,67.033592,87.895958,188.610001,77.236832,82.868935
2024-02-05 14:30:00,237.139175,53.151684,423.236084,23.423115,66.500984,87.040512,187.570007,75.616096,82.868935
2024-02-06 14:30:00,237.945786,53.712658,422.386475,23.536579,66.813210,87.509613,188.550003,76.632500,82.887085
2024-02-07 14:30:00,239.821365,53.722000,426.733002,23.573378,66.684647,87.353279,188.500000,76.522614,82.896103
2024-02-08 14:30:00,240.414169,53.581760,427.523224,23.634712,66.510155,87.068138,188.330002,77.145271,82.932373
2024-02-09 14:30:00,241.881561,53.806141,431.731384,23.548845,66.455070,86.911736,187.600006,77.264297,82.941429
2024-02-12 14:30:00,242.114838,53.965084,430.042175,23.692978,66.473442,86.994568,187.110001,77.282623,82.959579
2024-02-13 14:30:00,238.237289,53.011448,423.334839,23.331116,65.894943,86.037933,184.529999,75.689354,82.959579
2024-02-14 14:30:00,240.870911,53.665905,427.948029,23.423115,66.142876,86.359894,184.419998,76.284531,82.977707
2024-02-15 14:30:00,242.727036,54.189476,429.222351,23.686846,66.326515,86.599037,185.660004,78.060951,83.023018
2024-02-16 14:30:00,241.453979,54.301670,425.330261,23.607115,66.115326,86.221893,186.339996,77.255142,83.041138
2024-02-20 14:30:00,239.937943,54.469959,422.119843,23.604048,66.197952,86.369072,187.470001,77.117805,83.050163
2024-02-21 14:30:00,239.986557,54.526058,420.430634,23.699112,66.014297,86.093140,187.479996,77.548164,83.059250
2024-02-22 14:30:00,244.728928,55.087021,432.739014,23.858578,66.041855,86.102341,187.559998,77.694656,83.104553
2024-02-23 14:30:00,244.894165,55.115074,431.464661,23.886177,66.280594,86.497849,188.619995,77.658035,83.113617
2024-02-26 14:30:00,244.155594,54.993538,431.237457,23.757380,66.161232,86.369072,188.199997,76.806458,83.113617
2024-02-27 14:30:00,244.835846,55.096375,432.274689,23.778845,66.060219,86.175919,188.000000,76.898033,83.131729
2024-02-28 14:30:00,244.427689,54.694344,429.973053,23.745111,66.207146,86.488647,188.339996,77.676353,83.140808
2024-02-29 14:30:00,245.457809,54.815891,433.657654,23.809509,66.317337,86.663422,189.309998,78.335640,83.177071
2024-03-01 14:30:00,247.712387,55.442303,440.187256,23.965910,66.595436,87.059052,192.889999,79.269623,83.199821
2024-03-04 14:30:00,247.469421,55.274014,438.616577,24.039507,66.438873,86.865387,196.009995,80.011330,83.208931
2024-03-05 14:30:00,244.845581,55.068325,430.743622,23.956711,66.798027,87.400276,197.190002,79.040703,83.208931
2024-03-06 14:30:00,246.293579,55.778885,433.450256,24.036446,66.917709,87.612419,198.809998,79.434441,83.227119
2024-03-07 14:30:00,248.693924,56.311806,440.029144,24.152977,67.028221,87.759949,199.940002,79.416138,83.263489
2024-03-08 14:30:00,247.255630,56.152866,433.677429,24.051779,67.092690,87.824493,201.630005,80.331818,83.272583
2024-03-11 13:30:00,246.857193,55.965874,432.067291,24.189775,67.065063,87.713837,202.000000,79.947220,83.281708
2024-03-12 13:30:00,249.296417,56.423992,438.260956,24.232712,66.862473,87.354164,199.789993,79.773247,83.308968
2024-03-13 13:30:00,248.985443,56.339851,434.892426,24.306309,66.751968,87.160515,201.190002,79.370354,83.308968
2024-03-14 13:30:00,248.023361,55.984573,433.795990,24.174446,66.356018,86.514931,200.350006,78.179970,83.345390
2024-03-15 13:30:00,246.555969,55.922638,428.639465,24.091644,66.319176,86.367378,199.710007,78.005997,83.363571
2024-03-18 13:30:00,247.809570,55.932018,432.727600,24.140713,66.236298,86.265915,200.029999,78.042625,83.372650
2024-03-19 13:30:00,249.238113,55.950787,433.805786,24.248045,66.411263,86.514931,199.800003,78.015160,83.390877
2024-03-20 13:30:00,251.764832,56.551395,438.949280,24.489414,66.530998,86.717812,202.179993,78.527931,83.399948
2024-03-21 13:30:00,252.804672,56.560783,441.026459,24.684118,66.586212,86.727051,201.970001,79.095650,83.427238
2024-03-22 13:30:00,252.093719,56.344933,441.530914,24.532681,66.807243,87.151283,200.350006,78.100121,83.436348
2024-03-25 13:30:00,251.528091,56.298012,439.928528,24.538864,66.678307,86.920731,200.990005,77.619896,83.454536
2024-03-26 13:30:00,251.079453,56.298012,438.504181,24.375063,66.733543,87.049835,201.639999,77.305901,83.463638
2024-03-27 13:30:00,253.293228,56.607704,439.997742,24.795378,66.963768,87.381836,203.100006,79.300667,83.518219
2024-03-28 13:30:00,253.458969,56.588940,439.186707,24.919001,66.880890,87.298836,205.720001,79.863998,83.518219
2024-04-01 13:30:00,253.263931,56.485710,440.116516,24.767559,66.424629,86.508934,207.820007,78.524918,83.541061
2024-04-02 13:30:00,250.923416,56.251091,436.318146,24.640852,66.350761,86.323944,210.889999,77.536789,83.559349
2024-04-03 13:30:00,251.313538,56.495090,437.297394,24.579041,66.396927,86.425713,212.740005,77.619896,83.559349
2024-04-04 13:30:00,248.300110,56.110321,430.610840,24.331795,66.535484,86.721680,211.520004,77.121208,83.595924
2024-04-05 13:30:00,250.806427,56.316788,435.685120,24.418331,66.202972,86.148224,215.139999,77.518318,83.614189
2024-04-08 13:30:00,251.098999,56.598324,435.813721,24.446146,66.147552,85.953979,216.479996,78.349449,83.623322
2024-04-09 13:30:00,251.459824,56.748482,437.425995,24.585220,66.387711,86.296211,217.669998,79.393013,83.632462
2024-04-10 13:30:00,248.651169,55.950787,433.607910,24.146366,65.611877,85.149284,215.610001,76.105362,83.650749
2024-04-11 13:30:00,250.338303,56.147865,440.531921,24.084555,65.611877,85.029037,219.800003,76.363937,83.678131
2024-04-12 13:30:00,246.729980,55.171871,433.509033,23.738411,65.759644,85.380531,216.889999,75.458916,83.687279
2024-04-15 13:30:00,243.697067,54.918484,426.377350,23.617884,65.325569,84.834801,220.949997,74.175262,83.705551
2024-04-16 13:30:00,242.965668,54.299103,426.416901,23.466446,65.159332,84.501816,221.220001,73.131706,83.714729
2024-04-17 13:30:00,241.541840,54.336643,421.214081,23.429358,65.473320,85.038300,219.589996,72.596092,83.723839
2024-04-18 13:30:00,241.044495,54.346031,418.810455,23.429358,65.297852,84.742317,220.339996,72.605316,83.769516
2024-04-19 13:30:00,239.152573,54.327259,410.145599,23.688967,65.380981,84.853310,221.029999,72.956245,83.778656
2024-04-22 13:30:00,241.502823,54.890335,414.270325,23.871307,65.408714,84.862549,215.570007,73.602676,83.796936
2024-04-23 13:30:00,244.379715,55.415863,420.452454,24.035103,65.528748,84.973549,215.039993,74.276840,83.806076
2024-04-24 13:30:00,244.438232,55.340790,421.876801,24.146366,65.362495,84.714569,214.639999,74.415367,83.806076
2024-04-25 13:30:00,243.277740,55.237553,419.839172,23.970203,65.177788,84.390854,215.919998,73.990570,83.851791
2024-04-26 13:30:00,245.540237,55.688015,426.318024,23.945480,65.325569,84.622070,216.619995,74.027489,83.851791
2024-04-29 13:30:00,246.505707,56.035248,428.048920,24.081465,65.519516,84.964302,216.179993,74.784767,83.870049
2024-04-30 13:30:00,242.448792,55.275097,419.977600,23.794046,65.270149,84.566574,211.869995,73.519577,83.879196
2024-05-01 13:30:00,241.844131,55.228172,416.941010,23.763138,65.505455,84.901474,213.789993,73.547279,83.895706
2024-05-02 13:30:00,244.350449,56.176014,422.262512,23.880577,65.764832,85.300362,213.130005,74.581596,83.941597
2024-05-03 13:30:00,247.246841,56.673401,430.749329,24.096916,66.098351,85.773499,212.960007,75.080284,83.950775
2024-05-06 13:30:00,249.899475,56.983089,435.467468,24.146366,66.163193,85.847733,215.199997,75.144936,83.950775
2024-05-07 13:30:00,250.123779,56.945549,435.536774,24.183447,66.292885,86.070351,214.210007,75.856026,83.959923
2024-05-08 13:30:00,249.948212,56.870472,435.279541,24.263805,66.135414,85.829155,213.580002,75.218803,83.978310
2024-05-09 13:30:00,251.420761,57.217705,436.229126,24.464689,66.311417,86.088921,216.949997,76.761047,84.024193
2024-05-10 13:30:00,251.654861,57.292778,437.257843,24.507957,66.126129,85.810616,218.710007,76.548637,84.024193
2024-05-13 13:30:00,251.791367,57.386627,438.266754,24.588310,66.181717,85.912651,216.259995,76.797989,84.042542
2024-05-14 13:30:00,253.020157,57.743237,441.085785,24.628490,66.376251,86.163132,218.089996,77.389023,84.051712
2024-05-15 13:30:00,256.131104,58.325081,447.980072,24.770655,66.802422,86.812515,220.889999,78.460289,84.060898
2024-05-16 13:30:00,255.438675,58.128002,447.070099,24.724298,66.691223,86.645523,220.029999,78.404869,84.097595
2024-05-17 13:30:00,255.799484,58.381393,446.852478,24.749018,66.524483,86.376480,223.660004,78.395638,84.106789
2024-05-20 13:30:00,256.062836,58.381393,449.968231,24.625397,66.459641,86.246613,224.559998,77.933891,84.125153
2024-05-21 13:30:00,256.589417,58.212467,450.848602,24.557409,66.598595,86.469261,224.229996,77.906174,84.134323
2024-05-22 13:30:00,255.721481,57.771389,450.759552,24.477053,66.515228,86.357933,220.110001,77.204323,84.152679
2024-05-23 13:30:00,253.546738,57.386627,448.731842,24.100008,66.320686,86.051804,215.720001,75.542046,84.207733
2024-05-24 13:30:00,255.380203,57.846474,452.975220,24.137093,66.394783,86.163132,215.919998,75.597443,84.216888
2024-05-28 13:30:00,255.380203,57.827694,454.686462,23.933119,66.079819,85.680733,218.190002,75.098763,84.207733
2024-05-29 13:30:00,253.283463,56.861088,451.481689,23.617884,65.838943,85.263245,216.160004,74.369186,84.226097
2024-05-30 13:30:00,252.044937,57.217705,446.644806,23.843494,66.126129,85.690010,216.570007,75.458916,84.244438
2024-05-31 13:30:00,253.985596,57.499241,445.813873,24.282349,66.366989,86.088921,215.300003,76.871872,84.262787
2024-06-03 13:30:00,254.063599,57.743237,448.207611,24.149454,66.737762,86.652771,217.220001,76.696404,84.276611
2024-06-04 13:30:00,254.034363,57.367855,449.434113,24.161818,66.988647,87.127296,215.270004,77.287445,84.295044
2024-06-05 13:30:00,257.145294,57.884007,458.494598,24.152546,67.174515,87.443657,217.820007,77.195084,84.304260
2024-06-06 13:30:00,256.921021,58.071701,458.336365,24.130909,67.183807,87.406433,219.429993,77.342850,84.313492
2024-06-07 13:30:00,256.433411,57.414780,457.930817,24.072191,66.644836,86.485283,211.600006,76.613297,84.350365
2024-06-10 13:30:00,257.291565,57.564934,459.780518,24.035103,66.542625,86.299202,213.539993,76.871872,84.368767
2024-06-11 13:30:00,257.730438,57.048782,462.935791,23.951660,66.812111,86.755104,214.149994,76.594818,84.378006
2024-06-12 13:30:00,260.158722,57.649395,468.999237,23.933119,67.118759,87.238945,214.720001,77.278206,84.396454
2024-06-13 13:30:00,260.275787,57.048782,471.541321,23.831131,67.416107,87.815826,212.970001,77.592201,84.405663
2024-06-14 13:30:00,260.080750,56.729702,473.984558,23.732231,67.518326,88.020531,215.729996,77.573723,84.451736
2024-06-17 13:30:00,262.060455,56.926781,479.790680,23.889851,67.267433,87.611130,214.610001,77.268967,84.460953
2024-06-18 13:30:00,262.723572,57.189548,479.939117,23.994928,67.499733,87.992630,215.470001,77.573723,84.479416
2024-06-20 13:30:00,262.060455,57.152016,476.239746,24.124731,67.369659,87.769287,218.160004,77.352081,84.497849
2024-06-21 13:30:00,261.660583,56.815243,474.963776,24.143276,67.388245,87.787918,214.779999,77.546028,84.525505
2024-06-24 13:30:00,261.221710,57.231464,469.556458,24.480141,67.425400,87.862366,215.630005,78.146286,84.543915
2024-06-25 13:30:00,262.079926,57.231464,474.926147,24.285439,67.462578,87.936790,214.559998,77.185867,84.543915
2024-06-26 13:30:00,262.070221,56.890923,475.906921,24.183620,67.146614,87.406433,212.580002,76.945740,84.553131
2024-06-27 13:30:00,262.704041,56.994976,477.135345,24.133646,67.267433,87.601830,214.990005,77.693771,84.571548
2024-06-28 13:30:00,261.805634,57.042274,474.658600,24.286690,66.951485,87.136597,215.009995,78.313667,84.599243
2024-07-01 13:30:00,262.334137,57.108494,477.442505,24.177372,66.598221,86.487968,215.570007,77.575043,84.628845
2024-07-02 13:30:00,263.851044,57.326065,482.455475,24.189869,66.793953,86.814613,215.559998,77.939674,84.638107
2024-07-03 13:30:00,264.937378,58.007168,486.477753,24.105537,67.176125,87.393257,217.990005,77.864876,84.665878
2024-07-05 13:30:00,266.317322,58.300423,491.550232,24.055563,67.483719,87.878563,220.929993,78.079926,84.693634
2024-07-08 13:30:00,266.679413,58.130146,492.719238,24.077427,67.483719,87.906555,218.190002,78.332359,84.712173
2024-07-09 13:30:00,266.610931,58.026089,493.145233,24.083675,67.455772,87.785233,218.559998,78.313667,84.712173
2024-07-10 13:30:00,269.194611,58.707199,498.286987,24.321045,67.511673,87.869217,219.360001,78.893356,84.730659
2024-07-11 13:30:00,267.990814,58.981525,487.359467,24.617756,67.847229,88.429199,223.250000,81.156013,84.739944
2024-07-12 13:30:00,269.762268,59.492352,490.222656,24.873865,68.024330,88.615852,223.110001,81.773079,84.776970
2024-07-15 13:30:00,270.917175,59.000443,491.540253,24.964439,67.809937,88.335861,223.830002,82.324722,84.795479
2024-07-16 13:30:00,273.148468,59.331539,491.728485,25.379839,68.070930,88.727852,228.289993,83.334488,84.795479
2024-07-17 13:30:00,269.292480,58.877468,477.293854,25.710909,68.136169,88.802521,227.229996,83.904831,84.823250
2024-07-18 13:30:00,266.943695,58.309887,475.035095,25.489153,67.959084,88.550522,225.779999,83.166191,84.832504
2024-07-19 13:30:00,265.279938,57.922031,470.824554,25.332991,67.781990,88.270538,221.729996,83.016602,84.860298
2024-07-22 13:30:00,268.049591,58.451786,477.838806,25.354853,67.754013,88.186546,221.800003,83.876785,84.878792
2024-07-23 13:30:00,267.853882,58.101765,476.154541,25.136225,67.763344,88.251877,222.580002,83.811333,84.878792
2024-07-24 13:30:00,261.825165,57.373371,459.074768,25.204935,67.567612,88.055893,221.800003,82.577164,84.906555
2024-07-25 13:30:00,260.817169,57.089573,454.012207,25.354853,67.716736,88.251877,218.330002,82.306007,84.906555
2024-07-26 13:30:00,263.939117,57.808517,458.668579,25.757757,67.987045,88.671852,220.630005,83.745888,84.952843
2024-07-29 13:30:00,263.958679,57.562561,459.589935,25.657812,68.070930,88.821190,220.320007,84.175972,84.952843
2024-07-30 13:30:00,262.862579,57.590942,453.279114,25.860826,68.154816,89.007843,222.520004,84.830467,84.962120
2024-07-31 13:30:00,266.757721,58.536919,466.693329,25.792112,68.527649,89.661156,226.550003,84.531265,84.980637
2024-08-01 13:30:00,262.578735,57.212551,455.389374,25.536005,68.783859,90.044022,225.770004,85.382088,85.001076
2024-08-02 13:30:00,257.293945,56.238197,444.580658,25.236166,69.569191,91.438820,225.339996,85.335342,85.047569
2024-08-05 13:30:00,249.738541,54.894917,431.324951,24.667732,69.503754,91.532433,222.479996,82.895065,85.047569
2024-08-06 13:30:00,252.273285,55.065186,435.446381,24.792660,69.073669,90.718002,220.699997,84.531265,85.066147
2024-08-07 13:30:00,250.345322,55.377361,430.730530,24.639622,68.905380,90.390350,220.550003,83.951576,85.084770
2024-08-08 13:30:00,256.207581,56.408478,443.907013,25.055017,68.802528,90.118896,224.009995,84.774361,85.094063
2024-08-09 13:30:00,257.313538,56.597672,446.225250,25.039402,69.045624,90.483971,224.559998,85.167046,85.112656
2024-08-12 13:30:00,257.147125,56.644970,447.186279,24.920717,69.167168,90.736725,228.410004,84.540611,85.140549
2024-08-13 13:30:00,261.423981,57.477421,458.282166,25.186193,69.428947,91.139267,228.059998,85.279243,85.149849
2024-08-14 13:30:00,262.167694,57.496338,458.430847,25.217430,69.559837,91.260956,226.199997,85.503639,85.159142
2024-08-15 13:30:00,266.708801,58.205822,470.012207,25.482908,69.270004,90.689919,226.910004,85.438187,85.168442
2024-08-16 13:30:00,267.344971,58.584217,470.616516,25.598469,69.419601,90.867783,231.990005,85.391449,85.214935
2024-08-19 13:30:00,269.869934,59.246399,476.798523,25.748388,69.503754,90.989479,231.610001,86.102028,85.214935
2024-08-20 13:30:00,269.214203,58.962605,475.797974,25.679676,69.709427,91.354576,232.460007,85.999176,85.233543
2024-08-21 13:30:00,270.564758,59.445049,478.017120,25.788988,69.859024,91.541794,232.149994,86.457321,85.252113
2024-08-22 13:30:00,268.274689,58.972065,470.438202,25.717154,69.578537,91.120529,229.369995,86.709755,85.252113
2024-08-23 13:30:00,271.670715,60.012638,475.540344,26.085703,69.887077,91.541794,232.020004,88.617119,85.289299
2024-08-26 13:30:00,270.985596,59.728851,470.923615,26.116934,69.812286,91.429459,232.759995,88.579712,85.298607
2024-08-27 13:30:00,271.230255,59.936962,472.330475,26.073210,69.812286,91.391998,233.389999,88.710609,85.317215
2024-08-28 13:30:00,269.576324,59.624786,466.970673,26.079453,69.765526,91.345215,231.750000,88.364662,85.326492
2024-08-29 13:30:00,269.840576,59.776146,466.287109,26.191895,69.662682,91.186073,232.949997,88.093529,85.326492
2024-08-30 13:30:00,272.443848,59.946419,471.844971,26.401154,69.522430,90.867783,231.289993,88.944344,85.372993
2024-09-03 13:30:00,266.581573,58.934227,457.519348,26.166906,69.818787,91.466797,230.289993,88.897614,85.406631
2024-09-04 13:30:00,265.984589,58.811249,456.330505,26.079453,70.128265,92.001953,230.429993,89.150055,85.415955
2024-09-05 13:30:00,265.162476,58.905849,456.756531,25.832716,70.297043,92.217934,232.350006,88.860214,85.425301
2024-09-06 13:30:00,260.758453,57.817974,444.521271,25.610962,70.381470,92.349358,230.630005,88.776054,85.471977
2024-09-09 13:30:00,263.547668,58.413944,450.237610,25.920168,70.475235,92.480812,231.600006,89.767136,85.471977
2024-09-10 13:30:00,264.575256,58.177448,454.398590,25.942030,70.709694,92.875153,232.619995,91.066757,85.499992
2024-09-11 13:30:00,267.207916,58.508541,464.266083,25.782743,70.672203,92.809402,232.250000,90.889114,85.499992
2024-09-12 13:30:00,269.429474,59.038284,468.823334,25.807730,70.597160,92.659187,236.330002,91.272446,85.509331
2024-09-13 13:30:00,271.308594,59.199100,470.923615,26.035727,70.747200,92.837578,238.679993,92.226128,85.556015
2024-09-16 13:30:00,271.846863,59.586956,468.843109,26.282469,70.934746,93.081688,238.660004,92.534676,85.574707
2024-09-17 13:30:00,272.120880,59.397755,469.090820,26.263731,70.840988,92.912704,237.339996,91.889526,85.584053
2024-09-18 13:30:00,271.435791,59.199100,467.059906,26.279348,70.625290,92.508957,235.509995,91.777351,85.602722
2024-09-19 13:30:00,276.035583,60.353188,478.869110,26.507347,70.625290,92.433868,239.169998,91.796036,85.621391
2024-09-20 13:30:00,275.458130,59.927578,477.957642,26.385538,70.615929,92.405693,242.210007,91.431404,85.658745
2024-09-23 13:30:00,276.143250,60.241085,479.224609,26.526085,70.569023,92.349358,242.679993,92.338333,85.668091
2024-09-24 13:30:00,276.838074,61.077110,481.536163,26.566687,70.653412,92.452652,246.070007,92.469231,85.677414
2024-09-25 13:30:00,275.927887,60.611595,481.982635,26.272049,70.390846,92.077080,245.729996,91.852142,85.696083
2024-09-26 13:30:00,277.161072,62.103138,485.603821,26.388641,70.390846,92.011360,246.979996,91.020004,85.696083
2024-09-27 13:30:00,276.887146,61.827637,482.905273,26.552505,70.597160,92.377533,245.020004,91.135971,85.724106
2024-09-30 13:30:00,277.976837,61.504616,484.214844,26.637590,70.437737,92.124023,243.059998,91.852531,85.733444
2024-10-01 13:30:00,275.444000,61.343117,477.468536,26.621836,70.645599,92.459251,245.610001,91.258553,85.753151
2024-10-02 13:30:00,275.502960,61.561626,478.143219,26.640743,70.513931,92.195595,245.660004,90.937981,85.762512
2024-10-03 13:30:00,274.913940,60.915611,477.786011,26.571413,70.203537,91.724770,245.490005,90.108269,85.781258
2024-10-04 13:30:00,277.574341,61.381119,483.470764,26.675407,69.742653,90.839661,245.000000,89.674561,85.800026
2024-10-07 13:30:00,275.041565,61.257618,478.291992,26.565111,69.535744,90.510063,244.169998,88.882561,85.818764
2024-10-08 13:30:00,277.358368,60.678097,485.435120,26.520996,69.639183,90.585381,242.369995,89.061707,85.818764
2024-10-09 13:30:00,279.292297,60.611595,489.254730,26.769945,69.451088,90.246399,241.050003,89.155998,85.828163
2024-10-10 13:30:00,278.713104,60.554596,488.699158,26.665955,69.422867,90.236969,242.820007,88.363991,85.837517
2024-10-11 13:30:00,280.872803,60.906109,489.463043,26.981079,69.432259,90.265244,245.470001,89.363411,85.884399
2024-10-14 13:30:00,283.061981,60.944107,493.570343,27.122885,69.385246,90.105141,245.070007,89.900841,85.875015
2024-10-15 13:30:00,281.118286,59.975079,486.972931,27.009439,69.658005,90.566566,245.919998,90.985123,85.903152
2024-10-16 13:30:00,282.551544,60.279091,487.032410,27.226877,69.752068,90.707809,247.149994,91.984535,85.903152
2024-10-17 13:30:00,282.492645,60.184086,487.369690,27.236330,69.413467,90.236969,248.630005,91.258553,85.921921
2024-10-18 13:30:00,283.601929,60.668602,490.564331,27.236330,69.451088,90.340569,251.270004,91.937401,85.950027
2024-10-21 13:30:00,282.708618,60.070087,491.506805,26.914904,68.980774,89.643761,251.220001,90.136551,85.968796
2024-10-22 13:30:00,282.384644,59.832577,492.042511,26.782549,69.009026,89.559013,253.929993,90.268547,85.978165
2024-10-23 13:30:00,279.832245,59.300560,484.502594,26.735281,68.839737,89.351830,250.869995,90.928551,85.978165
2024-10-24 13:30:00,280.578308,59.424068,488.431274,26.782549,68.952576,89.549591,252.800003,91.126549,85.987526
2024-10-25 13:30:00,280.313293,59.262562,491.407593,26.612383,68.811493,89.351830,253.320007,90.268547,86.025047
2024-10-28 13:30:00,281.452057,59.661568,491.486969,26.773096,68.726852,89.144691,253.330002,90.551399,86.025047
2024-10-29 13:30:00,281.825043,59.452568,496.209381,26.555660,68.783272,89.182358,256.089996,89.900841,86.043770
2024-10-30 13:30:00,281.128113,59.101059,492.459259,26.640743,68.717430,89.050522,257.500000,90.296837,86.053169
2024-10-31 13:30:00,275.885803,58.759048,480.028168,26.688011,68.708031,89.003448,253.509995,88.769424,86.071922
2024-11-01 13:30:00,277.063873,58.825550,483.579926,26.565111,68.441956,88.476387,252.470001,87.788857,86.108650
2024-11-04 14:30:00,276.563171,59.006058,482.171112,26.593473,68.715591,88.948654,252.830002,88.750572,86.127464
2024-11-05 14:30:00,280.077637,59.652073,488.322144,26.829819,68.885406,88.995895,253.399994,89.929123,86.127464
2024-11-06 14:30:00,287.911560,58.930058,501.586517,27.453770,68.319328,88.079674,245.699997,88.015137,86.146294
2024-11-07 14:30:00,289.924042,59.946583,509.483582,27.330870,68.828804,88.788094,249.649994,89.071129,86.155693
2024-11-08 14:30:00,291.278809,58.949055,510.079010,27.491581,68.960899,88.976990,247.960007,90.400551,86.202759
2024-11-11 14:30:00,292.093597,58.873055,509.781372,27.567213,68.828804,88.731415,242.139999,89.947983,86.193344
2024-11-12 14:30:00,290.945038,57.904022,508.858582,27.330870,68.413673,88.174118,240.050003,88.703438,86.202759
2024-11-13 14:30:00,290.807587,57.609516,508.203857,27.425406,68.385345,88.117432,237.630005,89.193710,86.221581
2024-11-14 14:30:00,288.657654,57.543015,504.672028,27.302509,68.366493,88.108002,237.009995,88.392281,86.221581
2024-11-15 14:30:00,284.995972,57.391010,492.647705,27.066162,68.385345,88.145790,236.589996,88.439438,86.249825
2024-11-18 14:30:00,286.154327,57.761520,496.070404,27.217424,68.451408,88.344147,241.089996,89.080566,86.259254
2024-11-19 14:30:00,287.469818,57.780518,499.483246,27.075617,68.574074,88.533035,243.250000,89.514275,86.287483
2024-11-20 14:30:00,287.636719,57.638016,499.195557,27.141792,68.498589,88.400810,244.619995,89.401123,86.296890
2024-11-21 14:30:00,289.649170,57.666515,500.991302,27.397045,68.460838,88.353577,246.660004,90.061119,86.306305
2024-11-22 14:30:00,291.082520,57.866024,501.794861,27.746836,68.489143,88.410255,249.839996,90.739975,86.334549
2024-11-25 14:30:00,292.505920,58.056030,502.588562,27.898096,69.121284,89.364273,242.479996,92.003395,86.343948
2024-11-26 14:30:00,293.575958,57.761520,505.287109,27.841373,68.998627,89.175354,242.949997,92.371117,86.343948
2024-11-27 14:30:00,292.741547,58.018024,501.308746,27.831919,69.187363,89.534294,243.490005,92.965096,86.372208
2024-11-29 14:30:00,294.371124,58.626041,505.713684,27.917002,69.442078,89.912094,245.589996,92.550255,86.391014
2024-12-02 14:30:00,294.930725,58.740055,511.219849,27.737381,69.482773,89.904533,243.440002,91.201988,86.414635
2024-12-03 14:30:00,294.930725,58.987053,512.787354,27.586121,69.321899,89.648712,243.929993,90.739975,86.433525
2024-12-04 14:30:00,296.913757,58.996552,519.126892,27.359228,69.558495,89.989792,244.669998,90.494843,86.442978
2024-12-05 14:30:00,296.089111,59.357563,517.688354,27.368685,69.567955,89.980339,242.860001,90.277977,86.452415
2024-12-06 14:30:00,296.913757,59.253059,522.321472,27.245785,69.757225,90.264565,242.949997,90.145988,86.490219
2024-12-09 14:30:00,295.019073,59.576069,518.253906,27.217424,69.549026,89.951904,245.360001,90.400551,86.499672
2024-12-10 14:30:00,293.909760,58.930058,516.487854,27.113434,69.473328,89.790817,248.589996,89.089981,86.518547
2024-12-11 14:30:00,296.275604,59.291061,525.734253,26.955990,69.321899,89.525536,250.960007,88.882561,86.528008
2024-12-12 14:30:00,294.587097,58.759048,522.341309,26.908281,69.047447,89.184448,247.279999,88.741142,86.546898
2024-12-13 14:30:00,294.439880,58.616547,526.339539,26.841486,68.772987,88.767570,244.289993,88.486572,86.575241
2024-12-16 14:30:00,295.637512,58.417042,533.919128,26.593395,68.848709,88.795998,244.880005,88.175423,86.584686
2024-12-17 14:30:00,294.174805,58.208035,531.567810,26.536142,68.858185,88.795998,243.940002,87.751144,86.594154
2024-12-18 14:30:00,285.074493,56.820995,512.390503,25.839582,68.318733,88.109665,239.259995,84.130600,86.594154
2024-12-19 14:30:00,284.671997,56.820995,510.108673,25.696455,68.129463,87.710411,239.600006,82.829460,86.606453
2024-12-20 14:30:00,287.911560,56.893471,514.563293,26.039965,68.337662,88.033630,242.100006,84.224884,86.644432
2024-12-23 14:30:00,289.547424,57.221996,519.576538,26.116301,68.119995,87.643883,240.960007,84.554268,86.644432
2024-12-24 14:30:00,292.620178,57.405586,526.621765,26.316681,68.217804,87.691422,241.440002,85.115929,86.663391
2024-12-26 14:30:00,292.787598,57.521534,526.264038,26.326223,68.265274,87.757950,243.070007,85.344406,86.682373
2024-12-27 14:30:00,289.616364,57.395920,519.268311,26.211718,68.122856,87.529823,241.399994,84.487625,86.720322
2024-12-30 14:30:00,286.415619,57.009415,512.362183,25.982712,68.388695,88.043137,240.630005,84.068764,86.720322
2024-12-31 14:30:00,285.420868,56.941780,508.009796,26.068592,68.274757,87.881531,242.130005,84.801781,86.739265
2025-01-02 14:30:00,284.879211,56.845154,507.016083,26.011337,68.303253,87.929054,245.419998,84.049721,86.758255
2025-01-03 14:30:00,288.621674,57.144691,515.313477,26.183094,68.217804,87.786461,243.490005,85.154007,86.767746
2025-01-06 14:30:00,290.236847,57.589172,521.235901,26.020882,68.151329,87.700920,243.190002,84.059242,86.777229
2025-01-07 14:30:00,286.996674,57.328281,511.934814,26.011337,67.913948,87.301674,244.559998,83.259575,86.796188
2025-01-08 14:30:00,287.262573,57.202667,512.024292,26.068592,67.989929,87.453773,245.860001,83.478539,86.815186
2025-01-10 14:30:00,282.948914,56.265392,503.995178,25.772789,67.638618,86.816879,248.210007,81.441307,86.843643
2025-01-13 14:30:00,283.411804,56.052818,502.375488,26.049507,67.572166,86.664772,245.740005,82.440880,86.853134
2025-01-14 14:30:00,284.051941,56.362022,501.898529,26.259428,67.619652,86.693298,247.029999,83.192947,86.872108
2025-01-15 14:30:00,289.261810,57.028748,513.445251,26.545689,68.160843,87.605865,248.880005,83.668930,86.881577
2025-01-16 14:30:00,289.045135,57.212330,509.848145,26.555229,68.293755,87.814987,250.600006,85.401527,86.881577
2025-01-17 14:30:00,291.714111,57.492546,518.453552,26.707899,68.312737,87.881531,249.270004,85.344406,86.929024
2025-01-21 14:30:00,294.609619,58.478138,521.494263,26.927364,68.512123,88.176224,253.130005,86.943726,86.929024
2025-01-22 14:30:00,296.047455,58.352520,528.161987,26.641106,68.369705,87.948067,254.429993,85.430077,86.947990
2025-01-23 14:30:00,297.603546,58.729359,529.284973,26.803320,68.265274,87.719925,254.070007,86.058388,86.947990
2025-01-24 14:30:00,296.736877,59.019245,526.293884,26.784235,68.398178,87.900536,255.649994,86.353485,86.985954
2025-01-27 14:30:00,292.600494,58.671391,510.970978,27.146830,68.758980,88.470886,252.990005,87.505379,86.995430
2025-01-28 14:30:00,295.111847,58.739029,518.523193,26.784235,68.721008,88.480392,255.179993,86.448692,86.995430
2025-01-29 14:30:00,293.851257,58.748688,517.549377,26.726984,68.683006,88.375854,254.199997,85.306328,87.004906
2025-01-30 14:30:00,295.692871,59.454056,519.755249,26.698360,68.777962,88.565948,258.049988,86.391579,87.014404
2025-01-31 14:30:00,294.077789,58.864635,519.000061,26.555229,68.683006,88.423355,258.559998,86.201180,87.042862
2025-02-03 14:30:00,291.930817,58.275219,514.846497,26.450266,68.744942,88.486305,259.940002,86.020302,87.067604
2025-02-04 14:30:00,294.048218,59.019245,521.166321,26.488434,68.840187,88.705627,262.500000,86.086945,87.067604
2025-02-05 14:30:00,295.407349,59.405743,523.531372,26.669733,69.192627,89.220589,264.130005,87.295952,87.077141
2025-02-06 14:30:00,296.136108,59.666637,526.264038,26.478893,69.116425,89.115677,263.429993,87.514893,87.096191
2025-02-07 14:30:00,293.486847,59.280128,519.626221,26.297596,68.906860,88.820076,263.899994,87.229301,87.115234
2025-02-10 14:30:00,295.367950,59.753601,525.916260,26.412100,68.925919,88.800995,268.369995,87.191231,87.124741
2025-02-11 14:30:00,295.210327,59.859890,524.664185,26.593395,68.811600,88.572121,267.390015,87.572014,87.134270
2025-02-12 14:30:00,294.235352,60.024155,524.972290,26.383472,68.459167,87.961815,267.670013,86.762848,87.143776
2025-02-13 14:30:00,297.308075,60.671547,532.524353,26.574312,68.868759,88.619820,270.309998,87.629143,87.162834
2025-02-14 14:30:00,297.268707,60.787498,534.760193,26.517063,69.087860,88.991737,266.290009,87.229301,87.191391
2025-02-18 14:30:00,298.105804,61.145020,535.972473,26.707899,68.830666,88.514915,270.700012,87.619621,87.210434
2025-02-19 14:30:00,298.529297,60.739189,536.121582,26.889196,68.925919,88.657959,270.850006,87.686256,87.219955
2025-02-20 14:30:00,296.923981,61.106373,533.845947,27.022783,69.011650,88.839157,270.989990,88.105133,87.238991
2025-02-21 14:30:00,291.438354,60.710201,522.766235,26.917820,69.316460,89.363625,270.739990,87.238831,87.267563
2025-02-24 14:30:00,289.951233,60.410656,516.595337,26.965530,69.411713,89.554352,272.209991,87.581543,87.277077
2025-02-25 14:30:00,288.513367,60.748852,510.086609,27.146830,69.849884,90.260048,268.619995,88.657265,87.277077
2025-02-26 14:30:00,288.611816,60.932442,511.318787,26.860571,69.954681,90.507980,269.029999,88.285995,87.296127
2025-02-27 14:30:00,284.140594,60.120781,497.118805,26.879656,69.868942,90.403076,264.929993,88.638222,87.305641
2025-02-28 14:30:00,288.523193,59.956512,504.969055,27.232706,70.164223,90.898964,263.269989,89.390289,87.324677
2025-03-03 14:30:00,283.352692,60.159428,493.919067,27.099117,70.325691,91.228905,266.739990,89.809151,87.342819
2025-03-04 14:30:00,279.817047,60.188419,492.428528,26.641106,70.125053,90.941986,269.059998,88.771500,87.342819
2025-03-05 14:30:00,282.998138,61.695786,498.847839,26.765150,69.876648,90.435120,269.619995,89.761566,87.352371
2025-03-06 14:30:00,277.739014,61.202991,485.124847,26.784235,69.819328,90.387299,268.250000,87.457779,87.361938
2025-03-07 14:30:00,279.048859,61.724773,488.692230,27.156372,69.742920,90.272522,268.390015,87.981361,87.400124
2025-03-10 13:30:00,271.445801,60.323692,469.752319,27.080036,70.067719,90.903748,266.040009,87.134109,87.409683
2025-03-11 13:30:00,269.545044,60.275379,468.629395,26.469353,69.800232,90.578560,269.160004,86.115501,87.419235
2025-03-12 13:30:00,270.874573,60.690876,473.915924,26.183094,69.656929,90.310799,270.329987,85.848946,87.428795
2025-03-13 13:30:00,267.073029,60.323692,465.389923,26.039965,69.867104,90.674210,275.130005,84.154442,87.447884
2025-03-14 13:30:00,272.795013,61.396244,476.638611,26.373932,69.695122,90.358612,275.239990,85.839432,87.466995
2025-03-17 13:30:00,275.050385,62.198246,479.729004,26.679274,69.790657,90.435120,276.730011,87.305458,87.486092
2025-03-18 13:30:00,272.085938,62.120941,471.550903,26.641106,69.867104,90.540306,279.959991,86.848526,87.486092
2025-03-19 13:30:00,275.178406,62.285202,477.860901,26.746069,70.077278,90.817657,281.109985,86.953232,87.495644
2025-03-20 13:30:00,274.518524,61.802074,476.241150,26.669733,70.105942,90.951569,280.750000,86.896111,87.514740
2025-03-21 13:30:00,274.626862,61.502605,477.811188,26.488434,70.048630,90.875038,278.489990,85.934616,87.543419
2025-03-24 13:30:00,279.708740,61.599525,488.296448,26.803320,69.742920,90.349022,277.250000,87.257874,87.543419
2025-03-25 13:30:00,280.181396,61.803047,491.082947,26.564772,69.828880,90.502045,278.470001,86.278801,87.552940
2025-03-26 13:30:00,276.901917,61.163403,482.046692,26.765997,69.676033,90.291672,278.239990,86.615410,87.562515
2025-03-27 13:30:00,275.730713,61.299084,479.299988,26.717857,69.647369,90.215134,281.970001,86.394211,87.581604
2025-03-28 13:30:00,270.235687,60.581905,466.681061,26.554180,70.048630,90.941986,284.059998,86.278801,87.610252
2025-03-31 13:30:00,271.629211,60.184551,466.661163,26.920046,70.172813,91.209801,288.140015,87.077049,87.610252
2025-04-01 13:30:00,272.548370,60.359001,470.422974,26.833395,70.393303,91.530235,287.570007,87.115532,87.630371
2025-04-02 13:30:00,274.702881,60.514069,473.856323,26.833395,70.335770,91.443886,288.160004,87.644485,87.639961
2025-04-03 13:30:00,260.876282,59.302620,448.489105,25.735794,70.700005,92.384132,286.420013,84.653435,87.649544
2025-04-04 13:30:00,245.567276,55.677982,420.633972,24.339729,70.757515,92.643188,279.720001,80.979546,87.678307
2025-04-07 13:30:00,244.766754,54.166103,421.649048,24.012373,69.904442,91.539833,273.709991,78.854080,87.687889
2025-04-08 13:30:00,240.902420,53.826897,414.055786,23.415432,69.501869,91.079315,275.200012,76.738220,87.707054
2025-04-09 13:30:00,265.343506,57.664749,463.755219,24.907784,69.664818,90.791489,285.380005,81.316162,87.707054
2025-04-10 13:30:00,254.422607,56.627750,444.030701,24.041256,69.108887,90.225403,292.350006,79.459976,87.716629
2025-04-11 13:30:00,258.682220,58.178398,452.211090,24.358986,69.032188,89.716888,297.929993,80.431343,87.754974
2025-04-14 13:30:00,261.064087,58.818043,455.276276,24.647825,69.425171,90.436485,296.230011,82.095177,87.754974
2025-04-15 13:30:00,260.609467,59.137863,455.783813,24.484148,69.597717,90.705116,297.779999,82.345238,87.774147
2025-04-16 13:30:00,255.193481,58.827736,442.040344,24.195305,69.789421,91.098473,307.470001,82.287521,87.783737
2025-04-17 13:30:00,255.727173,59.428612,441.960724,24.474520,69.636040,90.839447,306.119995,83.518570,87.822067
2025-04-21 13:30:00,249.649033,59.215397,431.023621,24.099026,69.252632,90.350128,315.589996,81.777809,87.831650
2025-04-22 13:30:00,256.003906,60.310543,442.338867,24.493778,69.377258,90.417290,311.109985,83.364693,87.831650
2025-04-23 13:30:00,260.362396,60.581905,452.370300,24.474520,69.521042,90.513229,303.649994,83.518570,87.850838
2025-04-24 13:30:00,265.847534,61.357235,465.098755,24.753735,69.914032,91.002548,308.070007,83.826340,87.850838
2025-04-25 13:30:00,267.478302,61.405689,470.283630,24.715221,70.144066,91.347931,304.730011,83.682068,87.889168
2025-04-28 13:30:00,267.863708,61.764275,470.134369,24.830759,70.316612,91.712540,309.070007,84.201424,87.898735
2025-04-29 13:30:00,269.474670,61.958107,473.239319,24.927038,70.498703,92.029137,306.059998,84.653435,87.898735
2025-04-30 13:30:00,269.632843,61.890270,473.179596,24.859644,70.450798,92.173058,303.769989,84.951584,87.908333
2025-05-01 13:30:00,271.312927,61.735207,479.359650,24.753735,70.254623,91.771675,297.459991,85.230492,87.929482
2025-05-02 13:30:00,275.542938,63.024185,486.475250,25.090715,69.908440,91.155609,297.980011,86.278801,87.958328
2025-05-05 13:30:00,273.981384,63.256779,483.589203,24.840385,69.812286,90.991974,306.880005,86.086449,87.958328
2025-05-06 13:30:00,271.757690,63.150177,479.091003,24.599686,69.966148,91.223000,315.480011,85.422844,87.977570
2025-05-07 13:30:00,272.884338,62.781887,480.971863,24.686337,70.100777,91.463638,310.750000,85.519028,87.977570
2025-05-08 13:30:00,275.029022,62.617134,485.937836,24.821129,69.725746,90.751343,304.630005,85.182404,87.996796
2025-05-09 13:30:00,274.722656,62.966034,485.619415,24.772989,69.783432,90.818718,306.839996,85.749847,88.025642
2025-05-12 13:30:00,283.913971,63.586288,505.403656,25.446955,69.543030,90.241180,298.190002,86.173012,88.025642
2025-05-13 13:30:00,285.841217,63.712280,513.106445,25.331415,69.514191,90.173798,299.459991,85.076607,88.044891
2025-05-14 13:30:00,286.029022,63.663822,516.181458,25.032949,69.273788,89.836914,293.160004,84.239891,88.044891
2025-05-15 13:30:00,287.195190,64.167786,516.748718,25.437325,69.648811,90.424057,297.839996,85.778694,88.054497
2025-05-16 13:30:00,289.161926,64.245308,518.997864,25.610630,69.696899,90.452942,294.239990,86.846237,88.092972
2025-05-19 13:30:00,289.389282,64.681435,519.495422,25.591373,69.677666,90.404816,298.029999,86.865471,88.092972
2025-05-20 13:30:00,288.440491,64.884956,517.763794,25.495094,69.552666,90.289314,303.579987,86.355736,88.112228
2025-05-21 13:30:00,283.419830,64.584526,510.568634,25.042576,69.119934,89.663635,305.820007,84.057159,88.121826
2025-05-22 13:30:00,283.370422,64.477913,511.524017,24.994434,69.312256,90.000526,303.109985,83.672462,88.141068
2025-05-23 13:30:00,281.710052,64.691124,506.786926,24.927038,69.418037,90.260422,309.750000,83.759010,88.179527
2025-05-27 13:30:00,287.501587,65.321083,518.709167,25.292906,69.744980,90.635834,304.500000,85.220871,88.179527
2025-05-28 13:30:00,285.811584,64.758972,516.410339,25.071459,69.591133,90.385559,303.809998,85.134323,88.189140
2025-05-29 13:30:00,286.730682,65.040024,517.425354,25.215881,69.841133,90.760971,305.609985,85.903725,88.198761
2025-05-30 13:30:00,286.493500,64.875275,516.609375,25.196623,69.975761,91.030487,303.600006,85.903725,88.227615
2025-06-02 13:30:00,287.956177,65.543983,520.689636,25.273649,69.821404,90.721458,311.670013,86.019135,88.243057
2025-06-03 13:30:00,289.942749,65.224167,524.759888,25.456581,69.744209,90.634537,308.910004,85.846008,88.262352
2025-06-04 13:30:00,289.913116,65.650589,526.222839,25.312162,70.178368,91.300896,310.899994,86.086449,88.262352
2025-06-05 13:30:00,288.312012,65.737816,522.261963,25.254393,70.043297,91.030495,309.329987,86.019135,88.271996
2025-06-06 13:30:00,291.672272,65.912262,527.367249,25.552862,69.667030,90.306190,305.179993,86.432678,88.300949
2025-06-09 13:30:00,291.909485,66.067329,528.143555,25.658770,69.773155,90.470352,306.619995,86.548096,88.320236
2025-06-10 13:30:00,293.451294,66.309624,531.636719,25.947613,69.908226,90.624878,306.709991,87.288643,88.329895
2025-06-11 13:30:00,292.670471,66.367775,529.845337,25.860960,70.130127,91.001511,308.369995,86.817375,88.329895
2025-06-12 13:30:00,293.609375,66.736046,531.089294,26.015009,70.390617,91.397469,312.200012,87.240555,88.339561
2025-06-13 13:30:00,290.140381,65.844429,524.421509,25.899471,70.139771,91.059456,316.290009,86.394211,88.378159
2025-06-16 13:30:00,293.006500,66.280540,531.716187,25.918728,70.004707,90.798706,311.779999,86.461533,88.378159
2025-06-17 13:30:00,290.565369,65.466454,526.531433,25.726166,70.226593,91.242943,311.940002,86.153770,88.397461
2025-06-18 13:30:00,290.674072,65.543983,526.441772,25.649143,70.265190,91.300896,310.260010,86.451920,88.416771
2025-06-20 13:30:00,290.002014,65.021744,524.292236,25.706911,70.313431,91.358833,310.130005,86.394211,88.436050
2025-06-23 13:30:00,292.789062,65.519585,529.683228,25.706911,70.487099,91.677536,311.079987,87.692581,88.455376
2025-06-24 13:30:00,296.208649,66.515266,537.783142,25.745422,70.699348,91.996231,306.190002,87.923401,88.455376
2025-06-25 13:30:00,295.862793,66.339554,539.157959,25.473190,70.718643,92.034859,307.119995,85.807541,88.465004
2025-06-26 13:30:00,298.412659,66.993568,544.199219,25.657921,70.921257,92.363205,306.779999,85.727905,88.474678
2025-06-27 13:30:00,299.766602,67.266899,546.062378,25.657921,70.757233,92.121773,301.220001,85.941566,88.513268
2025-06-30 13:30:00,301.286255,67.442604,549.599243,25.764868,71.037018,92.488747,304.829987,86.495155,88.522934
2025-07-01 13:30:00,301.286255,67.462135,544.966431,26.299610,70.983788,92.317268,307.549988,87.126434,88.538414
2025-07-02 13:30:00,302.852539,67.676888,548.762329,26.552397,70.906364,92.123489,309.250000,87.330391,88.548080
2025-07-03 13:30:00,305.350616,67.833069,554.162292,26.591290,70.732140,91.803825,307.140015,87.427505,88.596497
2025-07-07 13:30:00,302.941772,66.993568,549.987793,26.309334,70.499855,91.513153,307.369995,86.679688,88.606201
2025-07-08 13:30:00,302.921875,67.423080,550.296692,26.562120,70.461143,91.377541,304.160004,86.553429,88.606201
2025-07-09 13:30:00,304.825226,67.725693,554.192139,26.532953,70.741821,91.852249,305.519989,86.621414,88.615860
2025-07-10 13:30:00,305.638092,67.823318,553.395142,26.746851,70.751495,91.803825,306.200012,87.165291,88.635231
2025-07-11 13:30:00,304.349396,67.354759,552.149780,26.571842,70.461143,91.377541,309.140015,87.174995,88.654594
2025-07-14 13:30:00,305.043304,67.423080,554.152344,26.552397,70.451447,91.338783,308.010010,87.738289,88.664276
2025-07-15 13:30:00,303.437408,67.091194,554.660400,26.124605,70.238525,90.980324,306.730011,86.446594,88.673965
2025-07-16 13:30:00,304.587311,67.384041,555.228394,26.182940,70.374016,91.232224,308.260010,87.262405,88.693336
2025-07-17 13:30:00,306.569885,67.628082,559.721619,26.387115,70.393394,91.203148,307.589996,87.165291,88.693336
2025-07-18 13:30:00,306.401398,67.462135,559.183655,26.270443,70.509537,91.455055,308.390015,87.349815,88.732056
2025-07-21 13:30:00,306.748352,67.872116,562.082886,26.202385,70.712791,91.774734,313.130005,87.709152,88.751434
2025-07-22 13:30:00,307.105194,68.155197,559.173706,26.484339,70.828934,92.036308,316.100006,89.214523,88.761108
2025-07-23 13:30:00,309.692505,69.375397,561.724182,26.620455,70.683746,91.706940,312.179993,89.389336,88.770805
2025-07-24 13:30:00,309.583435,68.906837,562.919739,26.523232,70.596642,91.571297,310.269989,89.078552,88.770805
2025-07-25 13:30:00,310.961365,68.799469,564.274780,26.562120,70.770851,91.784424,307.399994,89.088257,88.799843
2025-07-28 13:30:00,310.872162,67.911156,566.038208,26.445450,70.654724,91.580986,305.410004,87.660599,88.809532
2025-07-29 13:30:00,309.890778,67.872116,565.161499,26.416281,71.022499,92.181641,306.250000,89.068840,88.819221
2025-07-30 13:30:00,309.533875,67.384041,565.918640,26.095438,70.838608,91.861931,300.959991,87.806282,88.828888
2025-07-31 13:30:00,308.185760,66.837395,562.919739,25.764868,70.848289,91.939445,302.959991,86.572853,88.838570
2025-08-01 13:30:00,303.080536,66.612877,551.830933,25.648197,71.462013,92.997917,309.109985,86.359184,88.876465
2025-08-04 13:30:00,307.828827,67.432854,562.013123,25.871817,71.510567,93.124268,310.910004,87.242989,88.886185
2025-08-05 13:30:00,306.470795,67.608566,558.197327,25.998211,71.539711,93.056229,311.160004,87.641174,88.886185
2025-08-06 13:30:00,308.542603,68.047821,565.221313,25.939877,71.481430,92.988205,310.500000,86.961334,88.915344
2025-08-07 13:30:00,308.364166,68.535896,567.134094,26.007935,71.452309,92.920151,313.119995,87.213852,88.915344
2025-08-08 13:30:00,310.307129,68.760414,572.424500,26.134325,71.296936,92.706314,313.049988,86.495155,88.944481
2025-08-11 13:30:00,309.593353,68.545662,570.730713,26.046824,71.345482,92.735497,308.549988,85.922150,88.954201
2025-08-12 13:30:00,313.380127,69.307060,577.904114,26.348223,71.355202,92.716034,308.269989,86.407745,88.963913
2025-08-13 13:30:00,314.896851,69.756096,578.193115,26.698236,71.617386,93.046516,309.209991,87.213852,88.973625
2025-08-14 13:30:00,314.430939,69.443726,577.744690,26.581566,71.413467,92.745209,307.250000,86.592278,88.983345
2025-08-15 13:30:00,313.717194,69.756096,575.204224,26.571842,71.316360,92.560532,307.429993,87.087593,89.022224
2025-08-18 13:30:00,313.836121,69.853706,574.975037,26.503784,71.238663,92.473053,306.950012,86.349480,89.022224
2025-08-19 13:30:00,311.932861,69.668251,567.173950,26.688515,71.374626,92.706314,305.269989,87.835419,89.041641
2025-08-20 13:30:00,311.110046,69.756096,563.806458,26.746851,71.423172,92.842400,308.359985,88.087929,89.061089
2025-08-21 13:30:00,310.039459,69.492538,561.196228,26.756573,71.248383,92.570244,307.290009,87.825706,89.061089
2025-08-22 13:30:00,315.412323,70.624878,569.854004,27.174646,71.607674,93.085388,310.579987,89.525299,89.090225
2025-08-25 13:30:00,313.895630,69.941574,568.210205,26.999638,71.510567,92.900726,309.829987,89.010567,89.099937
2025-08-26 13:30:00,315.323120,69.902519,570.491577,26.980192,71.597977,93.143707,312.079987,88.777481,89.109665
2025-08-27 13:30:00,316.165741,69.697525,571.368408,27.096865,71.665962,93.318680,312.709991,89.331062,89.119385
2025-08-28 13:30:00,317.315643,69.980614,574.945129,27.048252,71.753342,93.532501,315.029999,89.097977,89.129112
2025-08-29 13:30:00,315.432159,69.668251,568.289856,27.145475,71.665962,93.454735,318.070007,89.583572,89.167953
2025-09-02 13:30:00,313.241364,69.180168,563.527527,27.067696,71.512978,93.175850,325.589996,88.097633,89.189415
2025-09-03 13:30:00,314.569672,69.326576,567.961060,26.834352,71.746803,93.497650,328.140015,88.146194,89.199165
2025-09-04 13:30:00,317.355286,69.609673,573.101929,26.921856,72.019608,93.916962,326.690002,88.806618,89.218658
2025-09-05 13:30:00,316.770355,70.068466,573.928894,26.873243,72.360611,94.375298,331.049988,89.806953,89.247910
2025-09-08 13:30:00,317.781525,70.742012,576.728516,26.678793,72.594444,94.667839,334.820007,89.282501,89.257668
2025-09-09 13:30:00,318.187988,70.654160,578.362427,26.688515,72.458046,94.443542,334.059998,89.078552,89.267410
2025-09-10 13:30:00,319.000824,70.781067,578.551758,26.737129,72.584686,94.697090,335.260010,88.932869,89.277161
2025-09-11 13:30:00,321.954895,71.581512,581.919250,26.951023,72.740593,94.843353,334.760010,90.554779,89.286911
2025-09-12 13:30:00,321.488983,71.347229,584.489685,26.717682,72.652901,94.570320,335.420013,90.137161,89.316162
2025-09-15 13:30:00,323.055237,71.903648,589.491089,26.581566,72.789291,94.726341,338.910004,89.991486,89.325928
2025-09-16 13:30:00,322.619080,71.962204,588.992920,26.659346,72.799042,94.784859,339.589996,89.515594,89.335670
2025-09-17 13:30:00,322.331573,71.913399,587.817383,26.707958,72.672379,94.580078,336.970001,89.399055,89.345421
2025-09-18 13:30:00,324.363770,71.971977,593.117676,26.688515,72.487267,94.268021,335.619995,89.593292,89.355179
2025-09-19 13:30:00,325.583069,71.726738,597.132751,26.571842,72.516487,94.229012,339.179993,89.010567,89.394180
2025-09-22 13:30:00,326.990692,72.040634,600.667725,26.494062,72.380104,94.072990,345.049988,89.029991,89.403931
2025-09-23 13:30:00,325.236084,71.942543,596.677917,26.639900,72.526245,94.336281,346.459991,89.515594,89.403931
2025-09-24 13:30:00,324.046570,71.520744,594.583252,26.659533,72.380104,94.082756,343.320007,88.635124,89.423431
2025-09-25 13:30:00,322.311768,71.108742,592.019836,26.492666,72.302147,93.877960,344.750000,88.370392,89.423431
2025-09-26 13:30:00,324.333984,71.363785,594.453552,26.708611,72.302147,93.829201,346.739990,89.243019,89.452675
2025-09-29 13:30:00,325.156128,71.746353,597.206543,26.600639,72.487267,94.102249,352.459991,89.272438,89.462425
2025-09-30 13:30:00,326.219757,72.060257,598.842407,26.796953,72.458046,94.063225,355.470001,89.635208,89.462425
2025-10-01 13:30:00,327.352966,72.560539,601.715027,27.022715,72.640816,94.380150,356.029999,89.772476,89.482979
2025-10-02 13:30:00,327.830109,72.697868,604.188721,26.836216,72.719009,94.477966,354.790009,89.301849,89.492767
2025-10-03 13:30:00,328.009064,73.237396,601.645264,26.904926,72.631035,94.292122,357.640015,89.635208,89.512337
2025-10-06 13:30:00,329.241669,73.394341,606.163696,26.836216,72.464882,94.018250,364.380005,88.792000,89.531898
2025-10-07 13:30:00,327.661133,72.825394,602.971863,26.777323,72.601723,94.252998,366.260010,88.468452,89.531898
2025-10-08 13:30:00,329.838135,73.109863,609.884216,26.679165,72.601723,94.272560,372.299988,88.007629,89.551460
2025-10-09 13:30:00,328.694946,72.472252,609.146118,26.502481,72.552849,94.204094,365.429993,87.527184,89.551460
2025-10-10 13:30:00,319.887604,70.794838,588.000061,26.050959,72.836288,94.790977,369.119995,86.409439,89.590599
2025-10-13 13:30:00,324.987122,71.873878,600.478210,26.139297,72.953590,94.839874,378.089996,86.958519,89.600388
2025-10-14 13:30:00,324.887695,71.883682,596.478455,26.374878,73.061096,95.084404,380.790009,87.850739,89.600388
2025-10-15 13:30:00,326.428528,72.511490,600.687683,26.286535,73.012230,94.976807,387.390015,89.125366,89.610168
2025-10-16 13:30:00,323.834015,72.835205,598.463379,26.080404,73.285912,95.416977,396.450012,88.811615,89.619949
2025-10-17 13:30:00,325.354889,72.786156,602.393311,26.296350,73.188156,95.260475,388.989990,89.390099,89.639519
2025-10-20 13:30:00,328.983246,73.502251,609.983948,26.492666,73.285912,95.387627,403.149994,90.292130,89.659073
2025-10-21 13:30:00,328.943481,72.805771,609.824402,26.571192,73.373871,95.563698,377.239990,90.037209,89.659073
2025-10-22 13:30:00,326.945404,72.864632,603.949341,26.492666,73.373871,95.583260,377.279999,90.419594,89.678658
2025-10-23 13:30:00,329.042877,73.286438,609.026428,26.531929,73.227249,95.270264,378.790009,90.360764,89.688431
2025-10-24 13:30:00,331.726807,73.521858,615.529785,26.531929,73.325005,95.358284,377.519989,90.625496,89.717781
2025-10-27 13:30:00,335.424683,74.081001,626.491882,26.620270,73.364090,95.358284,367.010010,90.880417,89.717781
2025-10-28 13:30:00,335.941620,74.071198,631.309570,26.502481,73.403198,95.446320,364.380005,89.095955,89.727570
2025-10-29 13:30:00,335.703064,73.845573,634.152344,26.247271,73.041550,94.830086,363.000000,86.801628,89.756912
2025-10-30 13:30:00,332.094604,73.384529,624.457031,26.188377,72.914490,94.693161,370.130005,87.213432,89.756912
2025-10-31 13:30:00,333.426666,73.207962,627.469421,26.257088,72.894951,94.732269,368.119995,87.438942,89.776497
2025-11-03 14:30:00,333.804382,73.413956,630.471680,25.982246,72.810608,94.687149,368.779999,87.311485,89.789261
2025-11-04 14:30:00,329.768524,72.442825,617.674316,25.952801,72.849838,94.804893,362.320007,87.458549,89.799065
2025-11-05 14:30:00,331.180084,72.933296,621.694153,26.080404,72.643898,94.353539,366.510010,87.536987,89.808891
2025-11-06 14:30:00,327.412598,72.648819,610.113647,26.031326,72.928284,94.834335,366.070007,87.115387,89.818703
2025-11-07 14:30:00,328.128357,72.786156,608.188538,26.227640,72.889053,94.873589,368.309998,88.468452,89.848145
2025-11-10 14:30:00,332.929626,73.698433,621.644226,26.276720,72.869446,94.746002,378.380005,88.419426,89.867783
2025-11-11 14:30:00,333.744751,74.090813,619.988464,26.679165,73.075371,95.040382,379.869995,89.409706,89.857971
2025-11-12 14:30:00,333.864044,74.375290,619.499695,26.688980,73.045952,95.060005,385.989990,88.742981,89.867783
2025-11-13 14:30:00,327.949402,73.561104,606.851990,26.718428,72.830223,94.785271,382.869995,87.654648,89.877594
2025-11-14 14:30:00,327.899689,73.502251,607.310791,26.738060,72.722359,94.628273,375.959991,87.840935,89.916862
2025-11-17 14:30:00,324.490082,72.589966,602.124023,26.502481,72.761566,94.736214,371.649994,87.115387,89.916862
2025-11-18 14:30:00,322.293213,71.952354,594.792664,26.659533,72.820419,94.893188,374.350006,87.468353,89.936501
2025-11-19 14:30:00,323.346924,71.765984,598.343628,26.433771,72.790993,94.824524,374.959991,86.782028,89.936501
2025-11-20 14:30:00,318.197723,70.814453,584.179749,26.129484,72.898857,95.050194,374.850006,86.419243,89.956116
2025-11-21 14:30:00,321.875702,71.530540,588.568604,26.600639,73.075371,95.364182,374.269989,87.821335,89.975769
2025-11-24 14:30:00,326.686981,71.834641,603.620178,26.453403,73.202858,95.511368,380.200012,88.056641,89.975769
2025-11-25 14:30:00,330.186035,72.501686,607.340759,26.816586,73.369560,95.756668,380.079987,88.870445,89.995399
2025-11-26 14:30:00,332.452484,73.188339,612.707031,26.944189,73.448006,95.835159,383.119995,89.262634,90.005203
2025-11-28 14:30:00,334.311371,73.512062,617.674316,27.081610,73.330345,95.668365,387.880005,89.556770,90.034668
2025-12-01 14:30:00,332.671173,73.227585,615.599609,27.022715,73.044060,95.154655,389.750000,88.527267,90.045479
2025-12-02 14:30:00,333.068787,73.345299,620.417297,26.895111,73.112923,95.233376,387.239990,88.213524,90.075035
2025-12-03 14:30:00,334.559906,73.639580,621.933472,27.287739,73.221130,95.430206,386.880005,88.439026,90.084869
2025-12-04 14:30:00,335.086731,73.796532,621.354980,27.238663,73.083412,95.134956,387.130005,88.223328,90.094727
2025-12-05 14:30:00,335.553925,73.943672,623.888489,27.199398,72.994865,94.938141,386.440002,88.125275,90.114410
2025-12-08 14:30:00,334.569824,73.786728,622.691528,27.071793,72.886658,94.741318,385.420013,87.448753,90.124252
2025-12-09 14:30:00,334.231842,73.688629,623.459534,26.954004,72.837471,94.603546,387.399994,87.115387,90.143959
2025-12-10 14:30:00,336.716980,74.483192,626.013062,27.338749,73.053902,94.908615,389.049988,87.429138,90.143959
2025-12-11 14:30:00,337.850220,74.679382,623.988281,27.447828,73.053902,94.918457,393.239990,87.811523,90.153801
2025-12-12 14:30:00,333.993256,74.169296,612.058655,27.447828,72.827629,94.662590,395.440002,87.703667,90.193184
2025-12-15 14:30:00,333.337158,74.424339,608.986511,27.527157,72.916168,94.741318,395.799988,87.978210,90.193184
2025-12-16 14:30:00,332.372955,74.022148,610.193420,27.239588,73.053902,95.007034,395.890015,87.331093,90.203033
2025-12-17 14:30:00,328.744629,73.531677,598.882263,27.368498,73.034218,94.987335,399.290009,87.654648,90.212891
2025-12-18 14:30:00,331.269562,74.130051,607.560120,27.249504,73.189194,95.233376,398.570007,87.193825,90.227707
2025-12-19 14:30:00,334.221893,74.592567,615.479980,27.229671,73.080620,95.019127,399.019989,86.860458,90.257362
2025-12-22 14:30:00,336.545624,75.012131,618.430237,27.388330,73.060875,94.920387,408.230011,87.306694,90.257362
2025-12-23 14:30:00,337.662109,75.471664,621.326538,27.309002,73.051003,94.880898,413.640015,87.247330,90.257362
2025-12-24 14:30:00,338.818512,75.531601,623.144287,27.427996,73.228676,95.127731,411.929993,87.821198,90.287018
2025-12-26 14:30:00,338.609161,75.771347,623.104309,27.408163,73.228676,95.216591,416.739990,87.920135,90.316681
2025-12-29 14:30:00,337.333160,75.531601,620.088135,27.388330,73.337250,95.354820,398.600006,88.098236,90.316681
2025-12-30 14:30:00,336.794830,75.681442,618.649902,27.398245,73.307632,95.256081,398.890015,88.276329,90.326569
2025-12-31 14:30:00,334.222900,75.361778,613.536377,27.199924,73.110229,94.940147,396.309998,87.554047,90.336456
2026-01-02 14:30:00,335.259644,76.460632,612.347900,27.497408,73.080620,94.861153,398.279999,87.583733,90.375992
2026-01-05 14:30:00,337.781738,77.269791,617.211731,27.675898,73.218803,95.147484,408.760010,87.781616,90.375992
2026-01-06 14:30:00,340.144348,77.539513,622.634888,27.854389,73.218803,95.078369,413.179993,88.424744,90.385887
2026-01-07 14:30:00,338.987946,77.149918,623.234192,27.665981,73.297775,95.256081,409.230011,87.563942,90.405647
2026-01-08 14:30:00,339.077698,77.199867,619.688599,28.181620,73.169441,94.969765,411.489990,88.345589,90.405647
2026-01-09 14:30:00,341.330627,77.749298,625.860840,28.310530,73.327385,95.078369,414.470001,88.523689,90.425430
2026-01-12 14:30:00,341.958649,78.468552,626.380188,28.260950,73.258286,94.959885,422.230011,88.642410,90.435310
2026-01-13 14:30:00,341.270813,78.048981,625.451355,28.379944,73.317505,95.078369,421.630005,89.137123,90.445198
2026-01-14 14:30:00,339.934998,78.388634,618.769775,28.796421,73.465561,95.275826,425.940002,89.908882,90.455086
2026-01-15 14:30:00,340.981720,78.518494,620.997009,28.786505,73.356987,95.078369,423.329987,90.532211,90.455086
2026-01-16 14:30:00,340.782349,78.558456,620.477661,28.657595,73.238533,94.713066,421.290009,91.640373,90.494621
2026-01-20 14:30:00,334.063385,77.649399,607.294250,28.459272,72.972038,94.337883,437.230011,89.938560,90.494621
2026-01-21 14:30:00,338.020996,78.518494,615.503906,28.905497,73.179314,94.584709,443.600006,90.294754,90.504509
2026-01-22 14:30:00,339.805389,78.998001,619.978271,28.925329,73.208923,94.574837,451.790009,89.404274,90.514397
2026-01-23 14:30:00,339.496368,79.447533,621.935791,28.895580,73.287895,94.732803,458.000000,89.582367,90.544060
2026-01-26 14:30:00,340.961792,79.777191,624.672363,28.935246,73.376717,94.871033,464.700012,89.463638,90.544060
2026-01-27 14:30:00,342.197906,81.015900,630.335205,29.123653,73.317505,94.762428,476.100006,89.433952,90.553940
2026-01-28 14:30:00,342.008484,80.656273,632.422546,29.054239,73.287895,94.683441,494.559998,88.513786,90.563828
2026-01-29 14:30:00,341.220978,80.866058,628.637329,29.123653,73.297775,94.782166,495.899994,89.750565,90.583603
2026-01-30 14:30:00,339.506348,79.577400,621.086853,29.569878,73.268158,94.722931,444.950012,89.839622,90.603371
2026-02-02 14:30:00,341.410400,80.026932,625.351501,29.748367,73.193886,94.536720,427.130005,88.909561,90.617256
2026-02-03 14:30:00,338.788605,80.226723,615.743591,30.244173,73.213684,94.625862,454.290009,88.711678,90.617256
2026-02-04 14:30:00,337.193604,80.166786,604.987183,30.749897,73.183975,94.606056,453.970001,89.988029,90.637085
2026-02-05 14:30:00,332.857178,79.207779,596.278198,30.710232,73.500877,95.160751,441.880005,89.859406,90.637085
2026-02-06 14:30:00,339.895111,80.965958,608.882263,31.206038,73.510780,95.160751,455.459991,91.274284,90.666832
2026-02-09 14:30:00,341.569885,82.064819,613.546387,31.087044,73.530586,95.180557,467.029999,91.660156,90.666832
2026-02-10 14:30:00,340.732483,82.264603,610.699951,31.037462,73.748459,95.596581,462.399994,92.887039,90.676743
2026-02-11 14:30:00,340.403534,82.903938,612.337891,31.374611,73.599907,95.329140,467.630005,92.372543,90.696571
2026-02-12 14:30:00,334.960602,82.044830,599.883606,31.077127,73.936623,95.913559,451.390015,92.263702,90.696571
2026-02-13 14:30:00,335.598572,82.314560,601.161987,31.344864,74.154480,96.289955,462.619995,93.589523,90.736244
2026-02-17 14:30:00,336.017273,82.144737,600.542725,31.156458,74.144585,96.280052,448.200012,94.480011,90.746155
2026-02-18 14:30:00,337.771759,82.424446,605.027100,31.295282,74.065353,96.081947,458.279999,93.371857,90.756073
2026-02-19 14:30:00,337.133789,82.294571,602.710022,31.305199,74.095070,96.171097,459.559998,93.173973,90.756073
2026-02-20 14:30:00,339.207275,83.283554,608.043335,31.344864,74.085152,96.171097,468.619995,93.876457,90.785812
2026-02-23 14:30:00,335.409180,82.844009,600.652588,31.265535,74.243607,96.517776,481.279999,93.886360,90.785812
2026-02-24 14:30:00,338.150574,83.333496,607.104492,31.374611,74.203995,96.497971,474.609985,94.123817,90.805649
2026-02-25 14:30:00,340.762390,84.112686,615.903381,31.245703,74.184196,96.418724,473.420013,93.866570,90.815559
2026-02-26 14:30:00,339.426575,83.872940,608.472778,31.245703,74.293129,96.676270,477.480011,94.509689,90.825470
2026-02-27 14:30:00,337.711945,83.723091,606.525208,31.503521,74.441666,97.062576,483.750000,94.677902,90.845306
2026-03-02 14:30:00,338.060883,82.314560,607.324219,31.592768,74.141685,96.479454,490.000000,94.915359,90.858238
2026-03-03 14:30:00,334.681458,79.477501,600.822449,31.325031,74.062225,96.370178,468.140015,94.410751,90.868179
2026-03-04 14:30:00,337.133789,80.256691,609.980896,31.275452,74.012558,96.171494,471.799988,94.529480,90.878120
2026-03-05 14:30:00,334.950623,78.638374,608.143127,30.997799,73.843681,95.873466,466.130005,93.579636,90.888054
2026-03-06 14:30:00,330.374969,77.899139,598.994690,30.868889,73.744354,95.813858,473.510010,92.560532,90.907944
2026-03-09 13:30:00,333.235992,78.868134,606.994629,30.759813,73.952950,96.111885,472.529999,92.768311,90.917885
2026-03-10 13:30:00,332.468414,79.037956,607.004639,30.640818,73.724495,95.803932,477.859985,92.629791,90.927826
2026-03-11 13:30:00,332.199219,78.958038,606.924744,30.739981,73.396698,95.366829,476.239990,91.670052,90.927826
2026-03-12 13:30:00,326.895874,77.389671,596.507874,30.561489,73.128502,95.058876,466.880005,91.036819,90.947716
2026-03-13 13:30:00,325.111450,76.660423,592.972290,30.541656,73.058968,94.959534,460.839996,91.185234,90.977539
2026-03-16 13:30:00,328.431030,78.188835,599.623901,30.611071,73.337090,95.386703,460.429993,91.947090,90.977539
2026-03-17 13:30:00,329.537598,78.528488,602.550232,30.690399,73.486099,95.555588,459.269989,92.352745,90.987480
2026-03-18 13:30:00,325.001770,77.169899,594.150879,30.323503,73.188095,95.118484,444.739990,90.987350,91.007362
2026-03-19 13:30:00,324.423615,77.070000,592.273193,30.333420,73.267570,95.108543,426.410004,90.621254,91.007362
2026-03-20 13:30:00,319.339508,74.709999,581.326965,30.135096,72.681496,94.254219,413.380005,87.811302,91.037186
2026-03-23 13:30:00,323.177490,76.580002,588.000000,30.283838,72.959625,94.552238,404.040009,88.494003,91.047134
2026-03-24 13:30:00,322.170654,75.949997,583.979980,30.382999,72.770905,94.234352,404.130005,87.910004,91.057068
2026-03-25 13:30:00,324.134491,77.080002,587.820007,30.540001,73.049026,94.731056,416.290009,87.839996,91.047134
2026-03-26 13:30:00,318.551971,75.199997,573.789978,30.620001,72.621902,93.966125,400.640015,87.720001,91.067009
2026-03-27 13:30:00,313.089996,74.690002,562.580017,30.440001,72.621902,93.976067,414.700012,87.000000,91.096832
2026-03-30 13:30:00,311.679993,74.629997,558.280029,30.480000,72.989433,94.641647,414.579987,87.330002,91.106773
2026-03-31 13:30:00,320.809998,77.110001,577.179993,30.680000,73.148361,94.810532,430.290009,88.699997,91.106773
2026-04-01 13:30:00,323.239990,78.010002,584.309998,30.510000,73.178261,94.727798,437.820007,89.019997,91.130707
2026-04-02 13:30:00,323.760010,77.480003,584.979980,30.559999,73.337738,94.947083,429.410004,90.230003,91.150642
2026-04-06 13:30:00,325.209991,77.970001,588.500000,30.639999,73.228104,94.697899,427.649994,90.360001,91.170593
2026-04-07 13:30:00,325.429993,78.019997,588.590027,30.559999,73.337738,94.937111,431.809998,90.489998,91.180557
2026-04-08 13:30:00,333.700012,81.230003,606.090027,30.860001,73.477280,95.146423,434.529999,92.120003,91.180557
2026-04-09 13:30:00,335.450012,81.070000,610.190002,30.940001,73.507179,95.116516,437.910004,92.779999,91.190529
2026-04-10 13:30:00,335.049988,81.269997,611.070007,30.559999,73.397537,94.957039,437.130005,92.980003,91.220436
2026-04-13 13:30:00,338.670013,81.889999,617.390015,30.740000,73.557014,95.166359,435.359985,93.330002,91.220436
2026-04-14 13:30:00,342.649994,82.809998,628.599976,30.709999,73.736427,95.475334,445.089996,94.220001,91.230415
2026-04-15 13:30:00,345.239990,82.650002,637.400024,30.650000,73.636749,95.266029,440.459991,94.290001,91.240387
2026-04-16 13:30:00,346.029999,82.629997,640.469971,30.809999,73.527107,95.096588,440.079987,95.160004,91.250351
2026-04-17 13:30:00,350.529999,83.750000,648.849976,31.049999,73.816154,95.614876,445.929993,96.680000,91.280266
2026-04-20 13:30:00,350.209991,83.480003,646.789978,31.030001,73.766327,95.525169,442.089996,97.029999,91.290230
2026-04-21 13:30:00,347.839996,81.879997,644.330017,30.980000,73.537079,95.106552,429.570007,95.309998,91.300209
2026-04-22 13:30:00,351.220001,82.589996,655.109985,31.010000,73.616814,95.206223,435.260010,94.519997,91.300209
2026-04-23 13:30:00,349.799988,81.720001,651.419983,31.420000,73.487244,95.056717,431.040009,95.489998,91.320145
2026-04-24 13:30:00,352.049988,82.489998,663.880005,31.200001,73.616814,95.246086,433.250000,95.300003,91.340088
2026-04-27 13:30:00,352.529999,82.339996,664.229980,31.129999,73.497208,95.026810,429.890015,94.779999,91.350060
2026-04-28 13:30:00,350.630005,81.889999,657.549988,31.309999,73.477280,94.937111,421.910004,95.650002,91.360023
2026-04-29 13:30:00,350.209991,81.230003,661.570007,31.450001,73.148361,94.488594,417.410004,94.900002,91.360023
2026-04-30 13:30:00,354.179993,83.059998,667.739990,32.070000,73.258003,94.667999,423.660004,96.330002,91.369995
2026-05-01 13:30:00,355.290009,82.970001,674.150024,31.860001,73.360001,94.739998,423.179993,96.059998,91.400002
2026-05-04 13:30:00,353.980011,82.250000,672.880005,31.520000,73.110001,94.389999,414.709991,95.459999,91.419998
2026-05-05 13:30:00,356.989990,83.410004,681.609985,31.690001,73.239998,94.529999,418.269989,95.760002,91.430000
2026-05-06 13:30:00,361.859985,85.620003,695.770020,31.660000,73.550003,95.000000,430.959991,97.089996,91.419998
2026-05-07 13:30:00,360.200012,84.250000,694.940002,31.540001,73.360001,94.709999,431.679993,96.389999,91.440002
2026-05-08 13:30:00,362.869995,85.430000,711.229980,31.620001,73.550003,94.959999,433.769989,96.620003,91.459999
2026-05-11 13:30:00,363.630005,85.389999,713.289978,31.750000,73.370003,94.639999,434.649994,96.690002,91.480003
2026-05-12 13:30:00,362.790009,84.230003,707.239990,31.760000,73.150002,94.320000,432.929993,96.690002,91.489998
2026-05-13 13:30:00,364.709991,85.080002,714.710022,31.750000,73.180000,94.320000,430.500000,95.889999,91.489998
2026-05-14 13:30:00,367.399994,85.019997,719.789978,31.799999,73.160004,94.260002,427.209991,95.320000,91.510002
2026-05-15 13:30:00,362.739990,83.110001,708.929993,31.719999,72.739998,93.510002,417.290009,93.910004,91.529999
2026-05-18 13:30:00,362.359985,83.529999,705.880005,32.040001,72.690002,93.470001,418.429993,95.010002,91.529999
2026-05-19 13:30:00,360.059998,82.800003,701.530029,32.099998,72.449997,93.110001,411.500000,95.279999,91.550003
2026-05-20 13:30:00,364.190002,84.169998,713.150024,32.119999,72.849998,93.739998,417.399994,96.489998,91.570000
2026-05-21 13:30:00,365.089996,84.580002,714.510010,32.250000,72.930000,93.800003,416.989990,96.669998,91.570000
2026-05-22 13:30:00,367.364990,84.620003,719.770020,32.779999,72.875000,93.695000,414.739990,96.699997,91.595001
